cargo,dept,seats,party,votes
diputado,Amazonas,2,VOTOS EN BLANCO,40313
diputado,Amazonas,2,VOTOS NULOS,13117
diputado,Amazonas,2,FUERZA POPULAR,11869
diputado,Amazonas,2,AHORA NACIÓN - AN,5260
diputado,Amazonas,2,ALIANZA PARA EL PROGRESO,2924
diputado,Amazonas,2,PARTIDO DEMOCRÁTICO SOMOS PERÚ,2864
diputado,Amazonas,2,RENOVACIÓN POPULAR,2658
diputado,Amazonas,2,PODEMOS PERÚ,2553
diputado,Amazonas,2,PARTIDO DEL BUEN GOBIERNO,2388
diputado,Amazonas,2,ALIANZA ELECTORAL VENCEREMOS,2255
diputado,Amazonas,2,PARTIDO POLÍTICO NACIONAL PERÚ LIBRE,1325
diputado,Amazonas,2,PARTIDO PAÍS PARA TODOS,1248
diputado,Amazonas,2,"PRIMERO LA GENTE – COMUNIDAD, ECOLOGÍA, LIBERTAD Y PROGRESO",1150
diputado,Amazonas,2,PARTIDO POLÍTICO COOPERACIÓN POPULAR,1071
diputado,Amazonas,2,FRENTE POPULAR AGRÍCOLA FÍA DEL PERÚ,840
diputado,Amazonas,2,PARTIDO POLÍTICO PERÚ PRIMERO,665
diputado,Amazonas,2,PARTIDO APRISTA PERUANO,647
diputado,Amazonas,2,PARTIDO PATRIÓTICO DEL PERÚ,580
diputado,Amazonas,2,PARTIDO FRENTE DE LA ESPERANZA 2021,511
diputado,Amazonas,2,AVANZA PAÍS - PARTIDO DE INTEGRACIÓN SOCIAL,438
diputado,Amazonas,2,PARTIDO MORADO,403
diputado,Amazonas,2,PARTIDO DEMÓCRATA UNIDO PERÚ,378
diputado,Amazonas,2,PARTIDO DEMÓCRATA VERDE,349
diputado,Amazonas,2,UN CAMINO DIFERENTE,283
diputado,Amazonas,2,PROGRESEMOS,203
diputado,Amazonas,2,PARTIDO DEMOCRATICO FEDERAL,193
diputado,Amazonas,2,LIBERTAD POPULAR,159
diputado,Amazonas,2,PARTIDO POLÍTICO INTEGRIDAD DEMOCRÁTICA,155
diputado,Amazonas,2,PARTIDO POLÍTICO PRIN,144
diputado,Amazonas,2,UNIDAD NACIONAL,111
diputado,Amazonas,2,FUERZA Y LIBERTAD,91
diputado,Amazonas,2,PERÚ MODERNO,44
diputado,Áncash,5,VOTOS EN BLANCO,45384
diputado,Áncash,5,VOTOS NULOS,42995
diputado,Áncash,5,JUNTOS POR EL PERÚ,33588
diputado,Áncash,5,FUERZA POPULAR,26679
diputado,Áncash,5,PARTIDO PAÍS PARA TODOS,18612
diputado,Áncash,5,AHORA NACIÓN - AN,16940
diputado,Áncash,5,PARTIDO CÍVICO OBRAS,15324
diputado,Áncash,5,PARTIDO DEL BUEN GOBIERNO,9061
diputado,Áncash,5,RENOVACIÓN POPULAR,8474
diputado,Áncash,5,PODEMOS PERÚ,8420
diputado,Áncash,5,PARTIDO DEMOCRÁTICO SOMOS PERÚ,6576
diputado,Áncash,5,ALIANZA PARA EL PROGRESO,6007
diputado,Áncash,5,PARTIDO DEMÓCRATA VERDE,3273
diputado,Áncash,5,"PRIMERO LA GENTE – COMUNIDAD, ECOLOGÍA, LIBERTAD Y PROGRESO",3149
diputado,Áncash,5,PARTIDO FRENTE DE LA ESPERANZA 2021,2932
diputado,Áncash,5,FRENTE POPULAR AGRÍCOLA FÍA DEL PERÚ,2635
diputado,Áncash,5,ALIANZA ELECTORAL VENCEREMOS,2391
diputado,Áncash,5,PARTIDO APRISTA PERUANO,2256
diputado,Áncash,5,PARTIDO POLÍTICO PERÚ PRIMERO,2052
diputado,Áncash,5,PROGRESEMOS,1873
diputado,Áncash,5,PARTIDO POLÍTICO NACIONAL PERÚ LIBRE,1780
diputado,Áncash,5,LIBERTAD POPULAR,1428
diputado,Áncash,5,PARTIDO PATRIÓTICO DEL PERÚ,1294
diputado,Áncash,5,PARTIDO DEMÓCRATA UNIDO PERÚ,1219
diputado,Áncash,5,PARTIDO POLÍTICO COOPERACIÓN POPULAR,1118
diputado,Áncash,5,PARTIDO MORADO,1006
diputado,Áncash,5,UN CAMINO DIFERENTE,692
diputado,Áncash,5,FE EN EL PERÚ,522
diputado,Áncash,5,FUERZA Y LIBERTAD,522
diputado,Áncash,5,UNIDAD NACIONAL,455
diputado,Áncash,5,SALVEMOS AL PERÚ,429
diputado,Áncash,5,PARTIDO POLÍTICO PERÚ ACCIÓN,398
diputado,Áncash,5,AVANZA PAÍS - PARTIDO DE INTEGRACIÓN SOCIAL,365
diputado,Áncash,5,PARTIDO POLÍTICO INTEGRIDAD DEMOCRÁTICA,359
diputado,Áncash,5,PARTIDO DEMOCRATICO FEDERAL,296
diputado,Áncash,5,PARTIDO POLÍTICO PRIN,243
diputado,Apurímac,2,JUNTOS POR EL PERÚ,41725
diputado,Apurímac,2,VOTOS EN BLANCO,26781
diputado,Apurímac,2,VOTOS NULOS,21277
diputado,Apurímac,2,AHORA NACIÓN - AN,12977
diputado,Apurímac,2,PARTIDO CÍVICO OBRAS,11852
diputado,Apurímac,2,FUERZA POPULAR,6397
diputado,Apurímac,2,FRENTE POPULAR AGRÍCOLA FÍA DEL PERÚ,4801
diputado,Apurímac,2,PARTIDO DEL BUEN GOBIERNO,4067
diputado,Apurímac,2,RENOVACIÓN POPULAR,2535
diputado,Apurímac,2,PARTIDO POLÍTICO NACIONAL PERÚ LIBRE,2519
diputado,Apurímac,2,PODEMOS PERÚ,2414
diputado,Apurímac,2,ALIANZA PARA EL PROGRESO,2212
diputado,Apurímac,2,PROGRESEMOS,1922
diputado,Apurímac,2,LIBERTAD POPULAR,1745
diputado,Apurímac,2,ALIANZA ELECTORAL VENCEREMOS,1510
diputado,Apurímac,2,PARTIDO POLÍTICO PERÚ PRIMERO,1470
diputado,Apurímac,2,PARTIDO PAÍS PARA TODOS,1193
diputado,Apurímac,2,PARTIDO PATRIÓTICO DEL PERÚ,1066
diputado,Apurímac,2,PARTIDO DEMOCRÁTICO SOMOS PERÚ,1051
diputado,Apurímac,2,PARTIDO APRISTA PERUANO,744
diputado,Apurímac,2,PARTIDO MORADO,644
diputado,Apurímac,2,PARTIDO POLÍTICO COOPERACIÓN POPULAR,643
diputado,Apurímac,2,PARTIDO DEMÓCRATA VERDE,619
diputado,Apurímac,2,SALVEMOS AL PERÚ,474
diputado,Apurímac,2,AVANZA PAÍS - PARTIDO DE INTEGRACIÓN SOCIAL,386
diputado,Apurímac,2,PARTIDO POLÍTICO INTEGRIDAD DEMOCRÁTICA,292
diputado,Apurímac,2,PARTIDO DEMOCRATICO FEDERAL,269
diputado,Apurímac,2,FUERZA Y LIBERTAD,246
diputado,Apurímac,2,PARTIDO POLÍTICO PRIN,233
diputado,Apurímac,2,PARTIDO POLÍTICO PERÚ ACCIÓN,229
diputado,Apurímac,2,UNIDAD NACIONAL,124
diputado,Apurímac,2,UN CAMINO DIFERENTE,115
diputado,Arequipa,6,VOTOS NULOS,26073
diputado,Arequipa,6,PARTIDO DEL BUEN GOBIERNO,20384
diputado,Arequipa,6,JUNTOS POR EL PERÚ,20126
diputado,Arequipa,6,VOTOS EN BLANCO,16416
diputado,Arequipa,6,PARTIDO CÍVICO OBRAS,15287
diputado,Arequipa,6,AHORA NACIÓN - AN,11932
diputado,Arequipa,6,PARTIDO PAÍS PARA TODOS,11847
diputado,Arequipa,6,RENOVACIÓN POPULAR,11705
diputado,Arequipa,6,FUERZA POPULAR,9058
diputado,Arequipa,6,"PRIMERO LA GENTE – COMUNIDAD, ECOLOGÍA, LIBERTAD Y PROGRESO",4986
diputado,Arequipa,6,PARTIDO SICREO,4353
diputado,Arequipa,6,PODEMOS PERÚ,4005
diputado,Arequipa,6,PARTIDO FRENTE DE LA ESPERANZA 2021,3574
diputado,Arequipa,6,FRENTE POPULAR AGRÍCOLA FÍA DEL PERÚ,3569
diputado,Arequipa,6,PARTIDO APRISTA PERUANO,2761
diputado,Arequipa,6,ALIANZA PARA EL PROGRESO,2597
diputado,Arequipa,6,PARTIDO POLÍTICO COOPERACIÓN POPULAR,2219
diputado,Arequipa,6,PARTIDO POLÍTICO PERÚ PRIMERO,1916
diputado,Arequipa,6,ALIANZA ELECTORAL VENCEREMOS,1470
diputado,Arequipa,6,PARTIDO DEMÓCRATA UNIDO PERÚ,1381
diputado,Arequipa,6,PARTIDO POLÍTICO NACIONAL PERÚ LIBRE,1303
diputado,Arequipa,6,PROGRESEMOS,1236
diputado,Arequipa,6,PARTIDO PATRIÓTICO DEL PERÚ,1149
diputado,Arequipa,6,PARTIDO DEMÓCRATA VERDE,811
diputado,Arequipa,6,PARTIDO DEMOCRÁTICO SOMOS PERÚ,780
diputado,Arequipa,6,PARTIDO MORADO,684
diputado,Arequipa,6,UNIDAD NACIONAL,648
diputado,Arequipa,6,AVANZA PAÍS - PARTIDO DE INTEGRACIÓN SOCIAL,521
diputado,Arequipa,6,FUERZA Y LIBERTAD,513
diputado,Arequipa,6,PARTIDO POLÍTICO INTEGRIDAD DEMOCRÁTICA,386
diputado,Arequipa,6,UN CAMINO DIFERENTE,371
diputado,Arequipa,6,PARTIDO DE LOS TRABAJADORES Y EMPRENDEDORES PTE - PERÚ,325
diputado,Arequipa,6,PERÚ MODERNO,315
diputado,Arequipa,6,PARTIDO POLÍTICO PERÚ ACCIÓN,302
diputado,Arequipa,6,PARTIDO DEMOCRATICO FEDERAL,284
diputado,Arequipa,6,FE EN EL PERÚ,258
diputado,Arequipa,6,SALVEMOS AL PERÚ,216
diputado,Arequipa,6,PARTIDO POLÍTICO PRIN,126
diputado,Ayacucho,3,JUNTOS POR EL PERÚ,39861
diputado,Ayacucho,3,VOTOS NULOS,28246
diputado,Ayacucho,3,VOTOS EN BLANCO,28071
diputado,Ayacucho,3,AHORA NACIÓN - AN,22215
diputado,Ayacucho,3,PARTIDO CÍVICO OBRAS,14850
diputado,Ayacucho,3,FUERZA POPULAR,9073
diputado,Ayacucho,3,PARTIDO DEL BUEN GOBIERNO,7425
diputado,Ayacucho,3,PODEMOS PERÚ,4762
diputado,Ayacucho,3,FRENTE POPULAR AGRÍCOLA FÍA DEL PERÚ,4626
diputado,Ayacucho,3,PARTIDO POLÍTICO PERÚ PRIMERO,3866
diputado,Ayacucho,3,RENOVACIÓN POPULAR,3307
diputado,Ayacucho,3,PARTIDO FRENTE DE LA ESPERANZA 2021,3096
diputado,Ayacucho,3,PARTIDO POLÍTICO NACIONAL PERÚ LIBRE,2960
diputado,Ayacucho,3,ALIANZA ELECTORAL VENCEREMOS,2808
diputado,Ayacucho,3,PARTIDO DEMÓCRATA UNIDO PERÚ,2503
diputado,Ayacucho,3,PARTIDO PAÍS PARA TODOS,2426
diputado,Ayacucho,3,LIBERTAD POPULAR,2403
diputado,Ayacucho,3,ALIANZA PARA EL PROGRESO,2393
diputado,Ayacucho,3,PARTIDO DEMOCRÁTICO SOMOS PERÚ,1976
diputado,Ayacucho,3,PARTIDO POLÍTICO COOPERACIÓN POPULAR,1765
diputado,Ayacucho,3,PROGRESEMOS,1209
diputado,Ayacucho,3,PARTIDO DEMÓCRATA VERDE,1099
diputado,Ayacucho,3,PARTIDO APRISTA PERUANO,832
diputado,Ayacucho,3,PERÚ MODERNO,565
diputado,Ayacucho,3,FUERZA Y LIBERTAD,434
diputado,Ayacucho,3,UN CAMINO DIFERENTE,310
diputado,Ayacucho,3,PARTIDO POLÍTICO INTEGRIDAD DEMOCRÁTICA,277
diputado,Ayacucho,3,UNIDAD NACIONAL,261
diputado,Ayacucho,3,PARTIDO DEMOCRATICO FEDERAL,235
diputado,Ayacucho,3,AVANZA PAÍS - PARTIDO DE INTEGRACIÓN SOCIAL,232
diputado,Cajamarca,6,JUNTOS POR EL PERÚ,81584
diputado,Cajamarca,6,VOTOS EN BLANCO,48225
diputado,Cajamarca,6,VOTOS NULOS,37799
diputado,Cajamarca,6,FUERZA POPULAR,21396
diputado,Cajamarca,6,PARTIDO CÍVICO OBRAS,14050
diputado,Cajamarca,6,ALIANZA PARA EL PROGRESO,8586
diputado,Cajamarca,6,AHORA NACIÓN - AN,7714
diputado,Cajamarca,6,PARTIDO DEMOCRÁTICO SOMOS PERÚ,6334
diputado,Cajamarca,6,PARTIDO DEL BUEN GOBIERNO,6136
diputado,Cajamarca,6,PODEMOS PERÚ,6120
diputado,Cajamarca,6,RENOVACIÓN POPULAR,5196
diputado,Cajamarca,6,PARTIDO POLÍTICO PERÚ PRIMERO,4045
diputado,Cajamarca,6,"PRIMERO LA GENTE – COMUNIDAD, ECOLOGÍA, LIBERTAD Y PROGRESO",3693
diputado,Cajamarca,6,PARTIDO PAÍS PARA TODOS,2986
diputado,Cajamarca,6,PARTIDO POLÍTICO NACIONAL PERÚ LIBRE,2919
diputado,Cajamarca,6,FRENTE POPULAR AGRÍCOLA FÍA DEL PERÚ,1737
diputado,Cajamarca,6,PARTIDO FRENTE DE LA ESPERANZA 2021,1531
diputado,Cajamarca,6,PARTIDO APRISTA PERUANO,1453
diputado,Cajamarca,6,LIBERTAD POPULAR,1440
diputado,Cajamarca,6,PARTIDO MORADO,1369
diputado,Cajamarca,6,AVANZA PAÍS - PARTIDO DE INTEGRACIÓN SOCIAL,1275
diputado,Cajamarca,6,ALIANZA ELECTORAL VENCEREMOS,1169
diputado,Cajamarca,6,PARTIDO POLÍTICO COOPERACIÓN POPULAR,1158
diputado,Cajamarca,6,PARTIDO DEMÓCRATA VERDE,919
diputado,Cajamarca,6,UN CAMINO DIFERENTE,865
diputado,Cajamarca,6,PERÚ MODERNO,708
diputado,Cajamarca,6,PARTIDO DEMÓCRATA UNIDO PERÚ,632
diputado,Cajamarca,6,UNIDAD NACIONAL,557
diputado,Cajamarca,6,PROGRESEMOS,505
diputado,Cajamarca,6,SALVEMOS AL PERÚ,454
diputado,Cajamarca,6,PARTIDO POLÍTICO INTEGRIDAD DEMOCRÁTICA,429
diputado,Cajamarca,6,PARTIDO DEMOCRATICO FEDERAL,395
diputado,Cajamarca,6,PARTIDO POLÍTICO PRIN,375
diputado,Cajamarca,6,PARTIDO DE LOS TRABAJADORES Y EMPRENDEDORES PTE - PERÚ,256
diputado,Cajamarca,6,FUERZA Y LIBERTAD,140
diputado,Cajamarca,6,PARTIDO POLÍTICO PERÚ ACCIÓN,137
diputado,Callao,4,VOTOS NULOS,86787
diputado,Callao,4,FUERZA POPULAR,68161
diputado,Callao,4,PARTIDO DEL BUEN GOBIERNO,58675
diputado,Callao,4,RENOVACIÓN POPULAR,57056
diputado,Callao,4,VOTOS EN BLANCO,55907
diputado,Callao,4,PARTIDO PAÍS PARA TODOS,34999
diputado,Callao,4,PARTIDO CÍVICO OBRAS,28905
diputado,Callao,4,AHORA NACIÓN - AN,27821
diputado,Callao,4,"PRIMERO LA GENTE – COMUNIDAD, ECOLOGÍA, LIBERTAD Y PROGRESO",17584
diputado,Callao,4,JUNTOS POR EL PERÚ,12183
diputado,Callao,4,PARTIDO APRISTA PERUANO,7732
diputado,Callao,4,PARTIDO DEMOCRÁTICO SOMOS PERÚ,5771
diputado,Callao,4,AVANZA PAÍS - PARTIDO DE INTEGRACIÓN SOCIAL,5047
diputado,Callao,4,PARTIDO FRENTE DE LA ESPERANZA 2021,5015
diputado,Callao,4,PODEMOS PERÚ,4970
diputado,Callao,4,ALIANZA PARA EL PROGRESO,4732
diputado,Callao,4,FRENTE POPULAR AGRÍCOLA FÍA DEL PERÚ,4658
diputado,Callao,4,PROGRESEMOS,3455
diputado,Callao,4,LIBERTAD POPULAR,3258
diputado,Callao,4,UNIDAD NACIONAL,3195
diputado,Callao,4,PARTIDO PATRIÓTICO DEL PERÚ,2883
diputado,Callao,4,PARTIDO MORADO,2837
diputado,Callao,4,PARTIDO POLÍTICO PERÚ PRIMERO,2720
diputado,Callao,4,PARTIDO POLÍTICO INTEGRIDAD DEMOCRÁTICA,2225
diputado,Callao,4,PARTIDO POLÍTICO COOPERACIÓN POPULAR,1908
diputado,Callao,4,ALIANZA ELECTORAL VENCEREMOS,1834
diputado,Callao,4,PARTIDO DEMÓCRATA VERDE,1701
diputado,Callao,4,PARTIDO POLÍTICO NACIONAL PERÚ LIBRE,1545
diputado,Callao,4,PARTIDO DE LOS TRABAJADORES Y EMPRENDEDORES PTE - PERÚ,1088
diputado,Callao,4,UN CAMINO DIFERENTE,860
diputado,Callao,4,FUERZA Y LIBERTAD,824
diputado,Callao,4,PARTIDO POLÍTICO PRIN,714
diputado,Callao,4,PARTIDO POLÍTICO PERÚ ACCIÓN,705
diputado,Callao,4,FE EN EL PERÚ,576
diputado,Callao,4,SALVEMOS AL PERÚ,446
diputado,Callao,4,PERÚ MODERNO,301
diputado,Cusco,5,JUNTOS POR EL PERÚ,62830
diputado,Cusco,5,VOTOS NULOS,47199
diputado,Cusco,5,VOTOS EN BLANCO,38732
diputado,Cusco,5,AHORA NACIÓN - AN,31801
diputado,Cusco,5,PARTIDO CÍVICO OBRAS,30712
diputado,Cusco,5,PARTIDO DEL BUEN GOBIERNO,13818
diputado,Cusco,5,FUERZA POPULAR,7334
diputado,Cusco,5,FRENTE POPULAR AGRÍCOLA FÍA DEL PERÚ,6767
diputado,Cusco,5,ALIANZA ELECTORAL VENCEREMOS,6590
diputado,Cusco,5,RENOVACIÓN POPULAR,6299
diputado,Cusco,5,PARTIDO FRENTE DE LA ESPERANZA 2021,6279
diputado,Cusco,5,PODEMOS PERÚ,5450
diputado,Cusco,5,PARTIDO DEMOCRÁTICO SOMOS PERÚ,4282
diputado,Cusco,5,PARTIDO POLÍTICO COOPERACIÓN POPULAR,4147
diputado,Cusco,5,"PRIMERO LA GENTE – COMUNIDAD, ECOLOGÍA, LIBERTAD Y PROGRESO",4014
diputado,Cusco,5,ALIANZA PARA EL PROGRESO,3310
diputado,Cusco,5,PARTIDO PAÍS PARA TODOS,3243
diputado,Cusco,5,PARTIDO POLÍTICO NACIONAL PERÚ LIBRE,3192
diputado,Cusco,5,PARTIDO PATRIÓTICO DEL PERÚ,2799
diputado,Cusco,5,PARTIDO APRISTA PERUANO,2525
diputado,Cusco,5,PARTIDO POLÍTICO PERÚ PRIMERO,2409
diputado,Cusco,5,PROGRESEMOS,2277
diputado,Cusco,5,PARTIDO DEMÓCRATA UNIDO PERÚ,1802
diputado,Cusco,5,PARTIDO DEMÓCRATA VERDE,1334
diputado,Cusco,5,LIBERTAD POPULAR,1300
diputado,Cusco,5,PARTIDO POLÍTICO PRIN,892
diputado,Cusco,5,PARTIDO DEMOCRATICO FEDERAL,662
diputado,Cusco,5,SALVEMOS AL PERÚ,634
diputado,Cusco,5,FUERZA Y LIBERTAD,529
diputado,Cusco,5,AVANZA PAÍS - PARTIDO DE INTEGRACIÓN SOCIAL,449
diputado,Cusco,5,PARTIDO POLÍTICO INTEGRIDAD DEMOCRÁTICA,433
diputado,Cusco,5,PARTIDO POLÍTICO PERÚ ACCIÓN,392
diputado,Cusco,5,UN CAMINO DIFERENTE,360
diputado,Cusco,5,UNIDAD NACIONAL,339
diputado,Cusco,5,PERÚ MODERNO,259
diputado,Huancavelica,2,JUNTOS POR EL PERÚ,26499
diputado,Huancavelica,2,VOTOS EN BLANCO,17654
diputado,Huancavelica,2,VOTOS NULOS,11859
diputado,Huancavelica,2,AHORA NACIÓN - AN,6488
diputado,Huancavelica,2,FUERZA POPULAR,5013
diputado,Huancavelica,2,PODEMOS PERÚ,4282
diputado,Huancavelica,2,ALIANZA PARA EL PROGRESO,2649
diputado,Huancavelica,2,PARTIDO DEL BUEN GOBIERNO,1621
diputado,Huancavelica,2,FRENTE POPULAR AGRÍCOLA FÍA DEL PERÚ,1601
diputado,Huancavelica,2,RENOVACIÓN POPULAR,1395
diputado,Huancavelica,2,PARTIDO POLÍTICO NACIONAL PERÚ LIBRE,1093
diputado,Huancavelica,2,PARTIDO POLÍTICO PERÚ PRIMERO,1083
diputado,Huancavelica,2,PARTIDO POLÍTICO COOPERACIÓN POPULAR,736
diputado,Huancavelica,2,ALIANZA ELECTORAL VENCEREMOS,689
diputado,Huancavelica,2,PARTIDO PAÍS PARA TODOS,645
diputado,Huancavelica,2,PROGRESEMOS,613
diputado,Huancavelica,2,"PRIMERO LA GENTE – COMUNIDAD, ECOLOGÍA, LIBERTAD Y PROGRESO",578
diputado,Huancavelica,2,PARTIDO DEMÓCRATA VERDE,364
diputado,Huancavelica,2,PARTIDO DEMOCRÁTICO SOMOS PERÚ,320
diputado,Huancavelica,2,PARTIDO APRISTA PERUANO,198
diputado,Huancavelica,2,PARTIDO POLÍTICO PERÚ ACCIÓN,146
diputado,Huancavelica,2,UNIDAD NACIONAL,141
diputado,Huancavelica,2,PARTIDO DEMOCRATICO FEDERAL,139
diputado,Huancavelica,2,FUERZA Y LIBERTAD,137
diputado,Huancavelica,2,UN CAMINO DIFERENTE,124
diputado,Huancavelica,2,LIBERTAD POPULAR,107
diputado,Huancavelica,2,PARTIDO POLÍTICO INTEGRIDAD DEMOCRÁTICA,90
diputado,Huancavelica,2,AVANZA PAÍS - PARTIDO DE INTEGRACIÓN SOCIAL,58
diputado,Huancavelica,2,PERÚ MODERNO,34
diputado,Huánuco,3,JUNTOS POR EL PERÚ,26527
diputado,Huánuco,3,VOTOS EN BLANCO,21678
diputado,Huánuco,3,VOTOS NULOS,19773
diputado,Huánuco,3,FUERZA POPULAR,12184
diputado,Huánuco,3,PARTIDO CÍVICO OBRAS,9723
diputado,Huánuco,3,RENOVACIÓN POPULAR,5085
diputado,Huánuco,3,AHORA NACIÓN - AN,4745
diputado,Huánuco,3,PARTIDO PAÍS PARA TODOS,4734
diputado,Huánuco,3,PODEMOS PERÚ,2883
diputado,Huánuco,3,FRENTE POPULAR AGRÍCOLA FÍA DEL PERÚ,2874
diputado,Huánuco,3,PARTIDO DEL BUEN GOBIERNO,2715
diputado,Huánuco,3,PARTIDO DEMOCRÁTICO SOMOS PERÚ,1862
diputado,Huánuco,3,PARTIDO POLÍTICO PERÚ PRIMERO,1795
diputado,Huánuco,3,ALIANZA PARA EL PROGRESO,1154
diputado,Huánuco,3,PARTIDO POLÍTICO NACIONAL PERÚ LIBRE,1130
diputado,Huánuco,3,ALIANZA ELECTORAL VENCEREMOS,1017
diputado,Huánuco,3,PARTIDO SICREO,997
diputado,Huánuco,3,PARTIDO FRENTE DE LA ESPERANZA 2021,933
diputado,Huánuco,3,PARTIDO PATRIÓTICO DEL PERÚ,772
diputado,Huánuco,3,LIBERTAD POPULAR,640
diputado,Huánuco,3,PARTIDO DEMÓCRATA VERDE,558
diputado,Huánuco,3,PROGRESEMOS,518
diputado,Huánuco,3,PARTIDO APRISTA PERUANO,504
diputado,Huánuco,3,PARTIDO POLÍTICO COOPERACIÓN POPULAR,361
diputado,Huánuco,3,AVANZA PAÍS - PARTIDO DE INTEGRACIÓN SOCIAL,273
diputado,Huánuco,3,FUERZA Y LIBERTAD,255
diputado,Huánuco,3,PARTIDO POLÍTICO INTEGRIDAD DEMOCRÁTICA,246
diputado,Huánuco,3,UNIDAD NACIONAL,236
diputado,Huánuco,3,PARTIDO MORADO,233
diputado,Huánuco,3,UN CAMINO DIFERENTE,229
diputado,Huánuco,3,PERÚ MODERNO,129
diputado,Huánuco,3,PARTIDO POLÍTICO PRIN,110
diputado,Ica,4,VOTOS NULOS,34893
diputado,Ica,4,FUERZA POPULAR,25541
diputado,Ica,4,VOTOS EN BLANCO,22279
diputado,Ica,4,PARTIDO DEL BUEN GOBIERNO,15688
diputado,Ica,4,RENOVACIÓN POPULAR,15435
diputado,Ica,4,PARTIDO CÍVICO OBRAS,14753
diputado,Ica,4,AHORA NACIÓN - AN,12335
diputado,Ica,4,PARTIDO PAÍS PARA TODOS,12267
diputado,Ica,4,JUNTOS POR EL PERÚ,11797
diputado,Ica,4,ALIANZA PARA EL PROGRESO,5774
diputado,Ica,4,PODEMOS PERÚ,5318
diputado,Ica,4,"PRIMERO LA GENTE – COMUNIDAD, ECOLOGÍA, LIBERTAD Y PROGRESO",5164
diputado,Ica,4,PARTIDO DEMOCRÁTICO SOMOS PERÚ,5152
diputado,Ica,4,PARTIDO SICREO,4241
diputado,Ica,4,PARTIDO APRISTA PERUANO,3616
diputado,Ica,4,PARTIDO FRENTE DE LA ESPERANZA 2021,2613
diputado,Ica,4,FRENTE POPULAR AGRÍCOLA FÍA DEL PERÚ,2470
diputado,Ica,4,PROGRESEMOS,2323
diputado,Ica,4,PARTIDO POLÍTICO PERÚ PRIMERO,1414
diputado,Ica,4,PARTIDO POLÍTICO NACIONAL PERÚ LIBRE,1197
diputado,Ica,4,PARTIDO PATRIÓTICO DEL PERÚ,1194
diputado,Ica,4,ALIANZA ELECTORAL VENCEREMOS,1170
diputado,Ica,4,PARTIDO POLÍTICO COOPERACIÓN POPULAR,1086
diputado,Ica,4,PARTIDO DEMÓCRATA UNIDO PERÚ,979
diputado,Ica,4,PARTIDO MORADO,948
diputado,Ica,4,LIBERTAD POPULAR,905
diputado,Ica,4,PARTIDO POLÍTICO INTEGRIDAD DEMOCRÁTICA,827
diputado,Ica,4,AVANZA PAÍS - PARTIDO DE INTEGRACIÓN SOCIAL,725
diputado,Ica,4,PARTIDO DEMÓCRATA VERDE,646
diputado,Ica,4,UNIDAD NACIONAL,636
diputado,Ica,4,UN CAMINO DIFERENTE,586
diputado,Ica,4,FUERZA Y LIBERTAD,553
diputado,Ica,4,PARTIDO POLÍTICO PRIN,425
diputado,Ica,4,SALVEMOS AL PERÚ,410
diputado,Ica,4,PARTIDO POLÍTICO PERÚ ACCIÓN,376
diputado,Ica,4,PERÚ MODERNO,313
diputado,Ica,4,PARTIDO DEMOCRATICO FEDERAL,253
diputado,Junín,5,VOTOS NULOS,46006
diputado,Junín,5,VOTOS EN BLANCO,33271
diputado,Junín,5,FUERZA POPULAR,28246
diputado,Junín,5,AHORA NACIÓN - AN,20905
diputado,Junín,5,JUNTOS POR EL PERÚ,20645
diputado,Junín,5,PARTIDO CÍVICO OBRAS,17025
diputado,Junín,5,PARTIDO DEL BUEN GOBIERNO,12541
diputado,Junín,5,RENOVACIÓN POPULAR,11066
diputado,Junín,5,PODEMOS PERÚ,9899
diputado,Junín,5,PARTIDO PAÍS PARA TODOS,8887
diputado,Junín,5,FRENTE POPULAR AGRÍCOLA FÍA DEL PERÚ,7174
diputado,Junín,5,ALIANZA PARA EL PROGRESO,5898
diputado,Junín,5,FUERZA Y LIBERTAD,3903
diputado,Junín,5,PARTIDO POLÍTICO NACIONAL PERÚ LIBRE,3723
diputado,Junín,5,PARTIDO FRENTE DE LA ESPERANZA 2021,3649
diputado,Junín,5,PARTIDO POLÍTICO COOPERACIÓN POPULAR,2397
diputado,Junín,5,ALIANZA ELECTORAL VENCEREMOS,2066
diputado,Junín,5,PROGRESEMOS,1917
diputado,Junín,5,PARTIDO PATRIÓTICO DEL PERÚ,1869
diputado,Junín,5,PARTIDO DEMÓCRATA UNIDO PERÚ,1854
diputado,Junín,5,PARTIDO POLÍTICO PERÚ PRIMERO,1831
diputado,Junín,5,PARTIDO MORADO,1529
diputado,Junín,5,PARTIDO APRISTA PERUANO,1337
diputado,Junín,5,PARTIDO DEMOCRÁTICO SOMOS PERÚ,1271
diputado,Junín,5,PARTIDO DEMÓCRATA VERDE,1239
diputado,Junín,5,LIBERTAD POPULAR,686
diputado,Junín,5,UNIDAD NACIONAL,626
diputado,Junín,5,PARTIDO POLÍTICO INTEGRIDAD DEMOCRÁTICA,570
diputado,Junín,5,AVANZA PAÍS - PARTIDO DE INTEGRACIÓN SOCIAL,565
diputado,Junín,5,FE EN EL PERÚ,487
diputado,Junín,5,SALVEMOS AL PERÚ,464
diputado,Junín,5,UN CAMINO DIFERENTE,416
diputado,Junín,5,PARTIDO DE LOS TRABAJADORES Y EMPRENDEDORES PTE - PERÚ,363
diputado,Junín,5,PARTIDO POLÍTICO PERÚ ACCIÓN,339
diputado,Junín,5,PARTIDO POLÍTICO PRIN,201
diputado,Junín,5,PERÚ MODERNO,101
diputado,La Libertad,7,VOTOS NULOS,23287
diputado,La Libertad,7,VOTOS EN BLANCO,19709
diputado,La Libertad,7,FUERZA POPULAR,15527
diputado,La Libertad,7,JUNTOS POR EL PERÚ,14258
diputado,La Libertad,7,UN CAMINO DIFERENTE,10393
diputado,La Libertad,7,PARTIDO DEL BUEN GOBIERNO,6860
diputado,La Libertad,7,PARTIDO CÍVICO OBRAS,6586
diputado,La Libertad,7,RENOVACIÓN POPULAR,6052
diputado,La Libertad,7,ALIANZA PARA EL PROGRESO,5128
diputado,La Libertad,7,PARTIDO PAÍS PARA TODOS,4703
diputado,La Libertad,7,PODEMOS PERÚ,3315
diputado,La Libertad,7,AHORA NACIÓN - AN,3271
diputado,La Libertad,7,PARTIDO APRISTA PERUANO,3259
diputado,La Libertad,7,PARTIDO SICREO,2516
diputado,La Libertad,7,"PRIMERO LA GENTE – COMUNIDAD, ECOLOGÍA, LIBERTAD Y PROGRESO",2154
diputado,La Libertad,7,FRENTE POPULAR AGRÍCOLA FÍA DEL PERÚ,1863
diputado,La Libertad,7,PARTIDO DEMOCRÁTICO SOMOS PERÚ,1597
diputado,La Libertad,7,PARTIDO FRENTE DE LA ESPERANZA 2021,1165
diputado,La Libertad,7,PARTIDO POLÍTICO PERÚ PRIMERO,1144
diputado,La Libertad,7,PARTIDO POLÍTICO NACIONAL PERÚ LIBRE,1076
diputado,La Libertad,7,AVANZA PAÍS - PARTIDO DE INTEGRACIÓN SOCIAL,958
diputado,La Libertad,7,PARTIDO PATRIÓTICO DEL PERÚ,857
diputado,La Libertad,7,PARTIDO DEMÓCRATA UNIDO PERÚ,669
diputado,La Libertad,7,ALIANZA ELECTORAL VENCEREMOS,561
diputado,La Libertad,7,PARTIDO MORADO,435
diputado,La Libertad,7,PROGRESEMOS,430
diputado,La Libertad,7,LIBERTAD POPULAR,395
diputado,La Libertad,7,PARTIDO DEMÓCRATA VERDE,334
diputado,La Libertad,7,FE EN EL PERÚ,298
diputado,La Libertad,7,PARTIDO POLÍTICO COOPERACIÓN POPULAR,289
diputado,La Libertad,7,PARTIDO POLÍTICO INTEGRIDAD DEMOCRÁTICA,265
diputado,La Libertad,7,UNIDAD NACIONAL,223
diputado,La Libertad,7,FUERZA Y LIBERTAD,218
diputado,La Libertad,7,PARTIDO POLÍTICO PRIN,169
diputado,La Libertad,7,PARTIDO POLÍTICO PERÚ ACCIÓN,144
diputado,La Libertad,7,PARTIDO DEMOCRATICO FEDERAL,120
diputado,Lambayeque,5,FUERZA POPULAR,19631
diputado,Lambayeque,5,VOTOS NULOS,18024
diputado,Lambayeque,5,VOTOS EN BLANCO,16780
diputado,Lambayeque,5,JUNTOS POR EL PERÚ,10105
diputado,Lambayeque,5,ALIANZA PARA EL PROGRESO,6004
diputado,Lambayeque,5,PARTIDO DEL BUEN GOBIERNO,5847
diputado,Lambayeque,5,PARTIDO CÍVICO OBRAS,5121
diputado,Lambayeque,5,RENOVACIÓN POPULAR,4011
diputado,Lambayeque,5,PARTIDO PAÍS PARA TODOS,3906
diputado,Lambayeque,5,PARTIDO DEMOCRÁTICO SOMOS PERÚ,3438
diputado,Lambayeque,5,PODEMOS PERÚ,2976
diputado,Lambayeque,5,AHORA NACIÓN - AN,2975
diputado,Lambayeque,5,PARTIDO APRISTA PERUANO,2960
diputado,Lambayeque,5,"PRIMERO LA GENTE – COMUNIDAD, ECOLOGÍA, LIBERTAD Y PROGRESO",1580
diputado,Lambayeque,5,PARTIDO POLÍTICO PERÚ PRIMERO,1515
diputado,Lambayeque,5,PARTIDO FRENTE DE LA ESPERANZA 2021,1045
diputado,Lambayeque,5,PARTIDO PATRIÓTICO DEL PERÚ,857
diputado,Lambayeque,5,AVANZA PAÍS - PARTIDO DE INTEGRACIÓN SOCIAL,642
diputado,Lambayeque,5,FRENTE POPULAR AGRÍCOLA FÍA DEL PERÚ,556
diputado,Lambayeque,5,PARTIDO POLÍTICO NACIONAL PERÚ LIBRE,541
diputado,Lambayeque,5,ALIANZA ELECTORAL VENCEREMOS,531
diputado,Lambayeque,5,PARTIDO MORADO,420
diputado,Lambayeque,5,UN CAMINO DIFERENTE,370
diputado,Lambayeque,5,PARTIDO POLÍTICO INTEGRIDAD DEMOCRÁTICA,345
diputado,Lambayeque,5,PARTIDO POLÍTICO COOPERACIÓN POPULAR,317
diputado,Lambayeque,5,UNIDAD NACIONAL,303
diputado,Lambayeque,5,PROGRESEMOS,293
diputado,Lambayeque,5,PARTIDO DEMÓCRATA VERDE,291
diputado,Lambayeque,5,LIBERTAD POPULAR,191
diputado,Lambayeque,5,PERÚ MODERNO,168
diputado,Lambayeque,5,FE EN EL PERÚ,124
diputado,Lambayeque,5,SALVEMOS AL PERÚ,111
diputado,Lambayeque,5,PARTIDO DEMOCRATICO FEDERAL,103
diputado,Lambayeque,5,FUERZA Y LIBERTAD,88
diputado,Lambayeque,5,PARTIDO POLÍTICO PERÚ ACCIÓN,47
diputado,Lima,32,RENOVACIÓN POPULAR,676639
diputado,Lima,32,PARTIDO DEL BUEN GOBIERNO,528253
diputado,Lima,32,VOTOS NULOS,510290
diputado,Lima,32,FUERZA POPULAR,507173
diputado,Lima,32,VOTOS EN BLANCO,389156
diputado,Lima,32,AHORA NACIÓN - AN,329683
diputado,Lima,32,PARTIDO CÍVICO OBRAS,272797
diputado,Lima,32,PARTIDO PAÍS PARA TODOS,222570
diputado,Lima,32,"PRIMERO LA GENTE – COMUNIDAD, ECOLOGÍA, LIBERTAD Y PROGRESO",153097
diputado,Lima,32,JUNTOS POR EL PERÚ,102763
diputado,Lima,32,PARTIDO SICREO,102353
diputado,Lima,32,PARTIDO APRISTA PERUANO,73856
diputado,Lima,32,PARTIDO DEMOCRÁTICO SOMOS PERÚ,64178
diputado,Lima,32,FRENTE POPULAR AGRÍCOLA FÍA DEL PERÚ,51144
diputado,Lima,32,PODEMOS PERÚ,50173
diputado,Lima,32,PARTIDO FRENTE DE LA ESPERANZA 2021,44829
diputado,Lima,32,ALIANZA PARA EL PROGRESO,43074
diputado,Lima,32,LIBERTAD POPULAR,41411
diputado,Lima,32,AVANZA PAÍS - PARTIDO DE INTEGRACIÓN SOCIAL,40521
diputado,Lima,32,PROGRESEMOS,34024
diputado,Lima,32,PARTIDO MORADO,29417
diputado,Lima,32,PARTIDO POLÍTICO PERÚ PRIMERO,22808
diputado,Lima,32,UNIDAD NACIONAL,22317
diputado,Lima,32,PARTIDO PATRIÓTICO DEL PERÚ,21538
diputado,Lima,32,ALIANZA ELECTORAL VENCEREMOS,19655
diputado,Lima,32,PARTIDO DEMÓCRATA UNIDO PERÚ,19453
diputado,Lima,32,PARTIDO POLÍTICO COOPERACIÓN POPULAR,17503
diputado,Lima,32,PARTIDO POLÍTICO INTEGRIDAD DEMOCRÁTICA,17093
diputado,Lima,32,PARTIDO POLÍTICO NACIONAL PERÚ LIBRE,14646
diputado,Lima,32,PARTIDO DEMÓCRATA VERDE,12960
diputado,Lima,32,FUERZA Y LIBERTAD,7620
diputado,Lima,32,FE EN EL PERÚ,7064
diputado,Lima,32,UN CAMINO DIFERENTE,6680
diputado,Lima,32,PARTIDO POLÍTICO PRIN,5669
diputado,Lima,32,PARTIDO POLÍTICO PERÚ ACCIÓN,4948
diputado,Lima,32,PERÚ MODERNO,4714
diputado,Lima,32,PARTIDO DEMOCRATICO FEDERAL,4638
diputado,Lima,32,PARTIDO DE LOS TRABAJADORES Y EMPRENDEDORES PTE - PERÚ,4578
diputado,Lima,32,SALVEMOS AL PERÚ,3819
diputado,Lima Provincias,4,VOTOS NULOS,39626
diputado,Lima Provincias,4,FUERZA POPULAR,36641
diputado,Lima Provincias,4,VOTOS EN BLANCO,30579
diputado,Lima Provincias,4,PARTIDO CÍVICO OBRAS,17165
diputado,Lima Provincias,4,JUNTOS POR EL PERÚ,15951
diputado,Lima Provincias,4,RENOVACIÓN POPULAR,14674
diputado,Lima Provincias,4,PARTIDO DEL BUEN GOBIERNO,14241
diputado,Lima Provincias,4,AHORA NACIÓN - AN,12079
diputado,Lima Provincias,4,PARTIDO PAÍS PARA TODOS,11465
diputado,Lima Provincias,4,FRENTE POPULAR AGRÍCOLA FÍA DEL PERÚ,5324
diputado,Lima Provincias,4,ALIANZA PARA EL PROGRESO,4952
diputado,Lima Provincias,4,PARTIDO SICREO,4909
diputado,Lima Provincias,4,PODEMOS PERÚ,4487
diputado,Lima Provincias,4,"PRIMERO LA GENTE – COMUNIDAD, ECOLOGÍA, LIBERTAD Y PROGRESO",4412
diputado,Lima Provincias,4,PARTIDO FRENTE DE LA ESPERANZA 2021,3245
diputado,Lima Provincias,4,PARTIDO DEMOCRÁTICO SOMOS PERÚ,2557
diputado,Lima Provincias,4,PARTIDO POLÍTICO PERÚ PRIMERO,2411
diputado,Lima Provincias,4,PARTIDO POLÍTICO NACIONAL PERÚ LIBRE,2024
diputado,Lima Provincias,4,PROGRESEMOS,1820
diputado,Lima Provincias,4,PARTIDO APRISTA PERUANO,1757
diputado,Lima Provincias,4,PARTIDO DEMÓCRATA UNIDO PERÚ,1377
diputado,Lima Provincias,4,PARTIDO PATRIÓTICO DEL PERÚ,1260
diputado,Lima Provincias,4,ALIANZA ELECTORAL VENCEREMOS,1143
diputado,Lima Provincias,4,LIBERTAD POPULAR,1074
diputado,Lima Provincias,4,PARTIDO POLÍTICO COOPERACIÓN POPULAR,990
diputado,Lima Provincias,4,PARTIDO DEMÓCRATA VERDE,883
diputado,Lima Provincias,4,PARTIDO POLÍTICO INTEGRIDAD DEMOCRÁTICA,843
diputado,Lima Provincias,4,PARTIDO MORADO,818
diputado,Lima Provincias,4,FE EN EL PERÚ,686
diputado,Lima Provincias,4,PARTIDO POLÍTICO PRIN,671
diputado,Lima Provincias,4,UNIDAD NACIONAL,567
diputado,Lima Provincias,4,UN CAMINO DIFERENTE,530
diputado,Lima Provincias,4,AVANZA PAÍS - PARTIDO DE INTEGRACIÓN SOCIAL,482
diputado,Lima Provincias,4,PARTIDO DEMOCRATICO FEDERAL,449
diputado,Lima Provincias,4,SALVEMOS AL PERÚ,264
diputado,Lima Provincias,4,FUERZA Y LIBERTAD,257
diputado,Lima Provincias,4,PERÚ MODERNO,231
diputado,Loreto,4,VOTOS EN BLANCO,26533
diputado,Loreto,4,VOTOS NULOS,24724
diputado,Loreto,4,FUERZA POPULAR,20075
diputado,Loreto,4,ALIANZA PARA EL PROGRESO,13275
diputado,Loreto,4,PARTIDO DEMOCRÁTICO SOMOS PERÚ,8669
diputado,Loreto,4,JUNTOS POR EL PERÚ,8321
diputado,Loreto,4,RENOVACIÓN POPULAR,7591
diputado,Loreto,4,FRENTE POPULAR AGRÍCOLA FÍA DEL PERÚ,5302
diputado,Loreto,4,PARTIDO PAÍS PARA TODOS,4458
diputado,Loreto,4,AHORA NACIÓN - AN,3166
diputado,Loreto,4,PARTIDO CÍVICO OBRAS,2574
diputado,Loreto,4,PARTIDO POLÍTICO PERÚ PRIMERO,2384
diputado,Loreto,4,PARTIDO DEL BUEN GOBIERNO,2344
diputado,Loreto,4,PODEMOS PERÚ,2238
diputado,Loreto,4,PARTIDO APRISTA PERUANO,1159
diputado,Loreto,4,PARTIDO POLÍTICO NACIONAL PERÚ LIBRE,922
diputado,Loreto,4,"PRIMERO LA GENTE – COMUNIDAD, ECOLOGÍA, LIBERTAD Y PROGRESO",885
diputado,Loreto,4,FUERZA Y LIBERTAD,750
diputado,Loreto,4,PARTIDO DEMÓCRATA VERDE,680
diputado,Loreto,4,ALIANZA ELECTORAL VENCEREMOS,676
diputado,Loreto,4,PARTIDO MORADO,640
diputado,Loreto,4,PARTIDO POLÍTICO COOPERACIÓN POPULAR,527
diputado,Loreto,4,PARTIDO FRENTE DE LA ESPERANZA 2021,522
diputado,Loreto,4,PROGRESEMOS,469
diputado,Loreto,4,LIBERTAD POPULAR,449
diputado,Loreto,4,PERÚ MODERNO,380
diputado,Loreto,4,SALVEMOS AL PERÚ,245
diputado,Loreto,4,AVANZA PAÍS - PARTIDO DE INTEGRACIÓN SOCIAL,206
diputado,Loreto,4,PARTIDO POLÍTICO INTEGRIDAD DEMOCRÁTICA,189
diputado,Loreto,4,FE EN EL PERÚ,184
diputado,Loreto,4,UNIDAD NACIONAL,174
diputado,Loreto,4,UN CAMINO DIFERENTE,110
diputado,Loreto,4,PARTIDO DEMOCRATICO FEDERAL,85
diputado,Madre de Dios,2,VOTOS NULOS,9541
diputado,Madre de Dios,2,JUNTOS POR EL PERÚ,6547
diputado,Madre de Dios,2,VOTOS EN BLANCO,6347
diputado,Madre de Dios,2,FUERZA POPULAR,3430
diputado,Madre de Dios,2,PARTIDO CÍVICO OBRAS,3321
diputado,Madre de Dios,2,AHORA NACIÓN - AN,2961
diputado,Madre de Dios,2,PARTIDO DEL BUEN GOBIERNO,2259
diputado,Madre de Dios,2,ALIANZA PARA EL PROGRESO,1945
diputado,Madre de Dios,2,FRENTE POPULAR AGRÍCOLA FÍA DEL PERÚ,1586
diputado,Madre de Dios,2,AVANZA PAÍS - PARTIDO DE INTEGRACIÓN SOCIAL,1478
diputado,Madre de Dios,2,PARTIDO PAÍS PARA TODOS,1254
diputado,Madre de Dios,2,PARTIDO FRENTE DE LA ESPERANZA 2021,1095
diputado,Madre de Dios,2,PARTIDO POLÍTICO PERÚ PRIMERO,954
diputado,Madre de Dios,2,RENOVACIÓN POPULAR,843
diputado,Madre de Dios,2,PODEMOS PERÚ,646
diputado,Madre de Dios,2,PARTIDO DEMOCRÁTICO SOMOS PERÚ,617
diputado,Madre de Dios,2,PROGRESEMOS,553
diputado,Madre de Dios,2,PARTIDO POLÍTICO NACIONAL PERÚ LIBRE,529
diputado,Madre de Dios,2,"PRIMERO LA GENTE – COMUNIDAD, ECOLOGÍA, LIBERTAD Y PROGRESO",513
diputado,Madre de Dios,2,PARTIDO APRISTA PERUANO,501
diputado,Madre de Dios,2,UNIDAD NACIONAL,428
diputado,Madre de Dios,2,PARTIDO DEMÓCRATA UNIDO PERÚ,393
diputado,Madre de Dios,2,PARTIDO POLÍTICO COOPERACIÓN POPULAR,379
diputado,Madre de Dios,2,ALIANZA ELECTORAL VENCEREMOS,250
diputado,Madre de Dios,2,PARTIDO DEMÓCRATA VERDE,173
diputado,Madre de Dios,2,PERÚ MODERNO,153
diputado,Madre de Dios,2,FUERZA Y LIBERTAD,132
diputado,Madre de Dios,2,PARTIDO POLÍTICO INTEGRIDAD DEMOCRÁTICA,80
diputado,Madre de Dios,2,LIBERTAD POPULAR,77
diputado,Madre de Dios,2,UN CAMINO DIFERENTE,53
diputado,Madre de Dios,2,PARTIDO POLÍTICO PERÚ ACCIÓN,50
diputado,Madre de Dios,2,SALVEMOS AL PERÚ,48
diputado,Madre de Dios,2,PARTIDO DEMOCRATICO FEDERAL,43
diputado,Moquegua,2,VOTOS EN BLANCO,16084
diputado,Moquegua,2,VOTOS NULOS,13826
diputado,Moquegua,2,JUNTOS POR EL PERÚ,10907
diputado,Moquegua,2,PARTIDO DEL BUEN GOBIERNO,8340
diputado,Moquegua,2,AHORA NACIÓN - AN,7794
diputado,Moquegua,2,PARTIDO POLÍTICO PERÚ PRIMERO,6389
diputado,Moquegua,2,RENOVACIÓN POPULAR,4697
diputado,Moquegua,2,PARTIDO FRENTE DE LA ESPERANZA 2021,4216
diputado,Moquegua,2,FUERZA POPULAR,4051
diputado,Moquegua,2,"PRIMERO LA GENTE – COMUNIDAD, ECOLOGÍA, LIBERTAD Y PROGRESO",3618
diputado,Moquegua,2,PARTIDO POLÍTICO COOPERACIÓN POPULAR,2964
diputado,Moquegua,2,PARTIDO PAÍS PARA TODOS,2545
diputado,Moquegua,2,PODEMOS PERÚ,2252
diputado,Moquegua,2,ALIANZA ELECTORAL VENCEREMOS,1777
diputado,Moquegua,2,PROGRESEMOS,1763
diputado,Moquegua,2,PARTIDO DEMOCRÁTICO SOMOS PERÚ,1477
diputado,Moquegua,2,PARTIDO POLÍTICO NACIONAL PERÚ LIBRE,1394
diputado,Moquegua,2,ALIANZA PARA EL PROGRESO,1245
diputado,Moquegua,2,FRENTE POPULAR AGRÍCOLA FÍA DEL PERÚ,1232
diputado,Moquegua,2,PARTIDO DEMÓCRATA UNIDO PERÚ,1069
diputado,Moquegua,2,PARTIDO APRISTA PERUANO,927
diputado,Moquegua,2,PARTIDO POLÍTICO PRIN,732
diputado,Moquegua,2,FUERZA Y LIBERTAD,397
diputado,Moquegua,2,PARTIDO DEMÓCRATA VERDE,393
diputado,Moquegua,2,UNIDAD NACIONAL,393
diputado,Moquegua,2,UN CAMINO DIFERENTE,378
diputado,Moquegua,2,PERÚ MODERNO,373
diputado,Moquegua,2,LIBERTAD POPULAR,316
diputado,Moquegua,2,PARTIDO POLÍTICO INTEGRIDAD DEMOCRÁTICA,204
diputado,Moquegua,2,PARTIDO DEMOCRATICO FEDERAL,158
diputado,Pasco,2,VOTOS EN BLANCO,22362
diputado,Pasco,2,VOTOS NULOS,13340
diputado,Pasco,2,FUERZA POPULAR,11316
diputado,Pasco,2,PODEMOS PERÚ,5763
diputado,Pasco,2,RENOVACIÓN POPULAR,5427
diputado,Pasco,2,AHORA NACIÓN - AN,4589
diputado,Pasco,2,ALIANZA PARA EL PROGRESO,4501
diputado,Pasco,2,PARTIDO CÍVICO OBRAS,4189
diputado,Pasco,2,PARTIDO DEMOCRÁTICO SOMOS PERÚ,3761
diputado,Pasco,2,PARTIDO FRENTE DE LA ESPERANZA 2021,2895
diputado,Pasco,2,FRENTE POPULAR AGRÍCOLA FÍA DEL PERÚ,2288
diputado,Pasco,2,PARTIDO PAÍS PARA TODOS,1213
diputado,Pasco,2,"PRIMERO LA GENTE – COMUNIDAD, ECOLOGÍA, LIBERTAD Y PROGRESO",1010
diputado,Pasco,2,PARTIDO POLÍTICO PERÚ PRIMERO,794
diputado,Pasco,2,PARTIDO POLÍTICO COOPERACIÓN POPULAR,742
diputado,Pasco,2,PARTIDO POLÍTICO NACIONAL PERÚ LIBRE,670
diputado,Pasco,2,PARTIDO MORADO,487
diputado,Pasco,2,ALIANZA ELECTORAL VENCEREMOS,383
diputado,Pasco,2,PARTIDO DEMÓCRATA VERDE,376
diputado,Pasco,2,PARTIDO APRISTA PERUANO,371
diputado,Pasco,2,PARTIDO POLÍTICO INTEGRIDAD DEMOCRÁTICA,360
diputado,Pasco,2,PROGRESEMOS,258
diputado,Pasco,2,AVANZA PAÍS - PARTIDO DE INTEGRACIÓN SOCIAL,181
diputado,Pasco,2,LIBERTAD POPULAR,155
diputado,Pasco,2,FUERZA Y LIBERTAD,149
diputado,Pasco,2,UN CAMINO DIFERENTE,127
diputado,Pasco,2,PARTIDO POLÍTICO PRIN,107
diputado,Pasco,2,UNIDAD NACIONAL,68
diputado,Piura,7,VOTOS EN BLANCO,67122
diputado,Piura,7,VOTOS NULOS,44193
diputado,Piura,7,FUERZA POPULAR,42170
diputado,Piura,7,PARTIDO DEL BUEN GOBIERNO,12452
diputado,Piura,7,PARTIDO PAÍS PARA TODOS,11052
diputado,Piura,7,PARTIDO CÍVICO OBRAS,10588
diputado,Piura,7,RENOVACIÓN POPULAR,10354
diputado,Piura,7,PODEMOS PERÚ,9256
diputado,Piura,7,AHORA NACIÓN - AN,7739
diputado,Piura,7,ALIANZA PARA EL PROGRESO,7296
diputado,Piura,7,"PRIMERO LA GENTE – COMUNIDAD, ECOLOGÍA, LIBERTAD Y PROGRESO",4745
diputado,Piura,7,PARTIDO POLÍTICO PERÚ PRIMERO,4096
diputado,Piura,7,PARTIDO DEMOCRÁTICO SOMOS PERÚ,3981
diputado,Piura,7,PARTIDO APRISTA PERUANO,3097
diputado,Piura,7,PARTIDO SICREO,3004
diputado,Piura,7,ALIANZA ELECTORAL VENCEREMOS,2579
diputado,Piura,7,PARTIDO DEMÓCRATA UNIDO PERÚ,2148
diputado,Piura,7,PARTIDO FRENTE DE LA ESPERANZA 2021,2086
diputado,Piura,7,PARTIDO PATRIÓTICO DEL PERÚ,1722
diputado,Piura,7,FRENTE POPULAR AGRÍCOLA FÍA DEL PERÚ,1312
diputado,Piura,7,PARTIDO POLÍTICO NACIONAL PERÚ LIBRE,1159
diputado,Piura,7,PROGRESEMOS,1143
diputado,Piura,7,UN CAMINO DIFERENTE,992
diputado,Piura,7,PARTIDO POLÍTICO COOPERACIÓN POPULAR,783
diputado,Piura,7,PARTIDO POLÍTICO INTEGRIDAD DEMOCRÁTICA,731
diputado,Piura,7,LIBERTAD POPULAR,698
diputado,Piura,7,PARTIDO DEMÓCRATA VERDE,649
diputado,Piura,7,AVANZA PAÍS - PARTIDO DE INTEGRACIÓN SOCIAL,627
diputado,Piura,7,UNIDAD NACIONAL,478
diputado,Piura,7,PARTIDO POLÍTICO PRIN,477
diputado,Piura,7,PARTIDO MORADO,469
diputado,Piura,7,FUERZA Y LIBERTAD,468
diputado,Piura,7,SALVEMOS AL PERÚ,413
diputado,Piura,7,FE EN EL PERÚ,289
diputado,Piura,7,PARTIDO POLÍTICO PERÚ ACCIÓN,283
diputado,Piura,7,PARTIDO DEMOCRATICO FEDERAL,270
diputado,Puno,5,JUNTOS POR EL PERÚ,69989
diputado,Puno,5,VOTOS NULOS,49455
diputado,Puno,5,VOTOS EN BLANCO,37171
diputado,Puno,5,PARTIDO CÍVICO OBRAS,33073
diputado,Puno,5,AHORA NACIÓN - AN,24648
diputado,Puno,5,PARTIDO POLÍTICO COOPERACIÓN POPULAR,19261
diputado,Puno,5,ALIANZA ELECTORAL VENCEREMOS,13075
diputado,Puno,5,PARTIDO DEL BUEN GOBIERNO,6964
diputado,Puno,5,PARTIDO FRENTE DE LA ESPERANZA 2021,6927
diputado,Puno,5,FRENTE POPULAR AGRÍCOLA FÍA DEL PERÚ,5641
diputado,Puno,5,FUERZA POPULAR,5539
diputado,Puno,5,PARTIDO DEMÓCRATA UNIDO PERÚ,4795
diputado,Puno,5,PARTIDO POLÍTICO NACIONAL PERÚ LIBRE,4205
diputado,Puno,5,ALIANZA PARA EL PROGRESO,3385
diputado,Puno,5,PODEMOS PERÚ,3354
diputado,Puno,5,PARTIDO DEMOCRÁTICO SOMOS PERÚ,3159
diputado,Puno,5,RENOVACIÓN POPULAR,3095
diputado,Puno,5,PARTIDO PAÍS PARA TODOS,3036
diputado,Puno,5,"PRIMERO LA GENTE – COMUNIDAD, ECOLOGÍA, LIBERTAD Y PROGRESO",2840
diputado,Puno,5,PARTIDO POLÍTICO PERÚ PRIMERO,2679
diputado,Puno,5,PROGRESEMOS,2115
diputado,Puno,5,PARTIDO DEMÓCRATA VERDE,1787
diputado,Puno,5,PARTIDO PATRIÓTICO DEL PERÚ,1737
diputado,Puno,5,PARTIDO DE LOS TRABAJADORES Y EMPRENDEDORES PTE - PERÚ,885
diputado,Puno,5,PARTIDO DEMOCRATICO FEDERAL,641
diputado,Puno,5,PARTIDO POLÍTICO PRIN,635
diputado,Puno,5,PARTIDO APRISTA PERUANO,624
diputado,Puno,5,UNIDAD NACIONAL,621
diputado,Puno,5,SALVEMOS AL PERÚ,566
diputado,Puno,5,FUERZA Y LIBERTAD,564
diputado,Puno,5,LIBERTAD POPULAR,512
diputado,Puno,5,AVANZA PAÍS - PARTIDO DE INTEGRACIÓN SOCIAL,452
diputado,Puno,5,PARTIDO POLÍTICO INTEGRIDAD DEMOCRÁTICA,324
diputado,Puno,5,UN CAMINO DIFERENTE,265
diputado,Puno,5,PERÚ MODERNO,93
diputado,San Martín,4,VOTOS EN BLANCO,27232
diputado,San Martín,4,VOTOS NULOS,26202
diputado,San Martín,4,JUNTOS POR EL PERÚ,16372
diputado,San Martín,4,FUERZA POPULAR,16332
diputado,San Martín,4,PARTIDO CÍVICO OBRAS,8042
diputado,San Martín,4,RENOVACIÓN POPULAR,7538
diputado,San Martín,4,ALIANZA PARA EL PROGRESO,4659
diputado,San Martín,4,PARTIDO DEL BUEN GOBIERNO,4570
diputado,San Martín,4,AHORA NACIÓN - AN,3836
diputado,San Martín,4,PARTIDO PAÍS PARA TODOS,2566
diputado,San Martín,4,PARTIDO DEMOCRÁTICO SOMOS PERÚ,2300
diputado,San Martín,4,PODEMOS PERÚ,2149
diputado,San Martín,4,AVANZA PAÍS - PARTIDO DE INTEGRACIÓN SOCIAL,2101
diputado,San Martín,4,PARTIDO POLÍTICO PERÚ PRIMERO,1255
diputado,San Martín,4,PARTIDO APRISTA PERUANO,1170
diputado,San Martín,4,ALIANZA ELECTORAL VENCEREMOS,1093
diputado,San Martín,4,PARTIDO MORADO,1060
diputado,San Martín,4,FRENTE POPULAR AGRÍCOLA FÍA DEL PERÚ,862
diputado,San Martín,4,PARTIDO DEMÓCRATA UNIDO PERÚ,820
diputado,San Martín,4,PARTIDO PATRIÓTICO DEL PERÚ,811
diputado,San Martín,4,PARTIDO FRENTE DE LA ESPERANZA 2021,680
diputado,San Martín,4,PARTIDO POLÍTICO NACIONAL PERÚ LIBRE,669
diputado,San Martín,4,PARTIDO POLÍTICO COOPERACIÓN POPULAR,570
diputado,San Martín,4,UNIDAD NACIONAL,524
diputado,San Martín,4,PARTIDO POLÍTICO PRIN,499
diputado,San Martín,4,PARTIDO DEMÓCRATA VERDE,482
diputado,San Martín,4,PROGRESEMOS,381
diputado,San Martín,4,UN CAMINO DIFERENTE,342
diputado,San Martín,4,PARTIDO POLÍTICO INTEGRIDAD DEMOCRÁTICA,297
diputado,San Martín,4,FE EN EL PERÚ,287
diputado,San Martín,4,FUERZA Y LIBERTAD,239
diputado,San Martín,4,SALVEMOS AL PERÚ,170
diputado,San Martín,4,PARTIDO DEMOCRATICO FEDERAL,120
diputado,Tacna,2,VOTOS NULOS,5819
diputado,Tacna,2,PARTIDO DEL BUEN GOBIERNO,4595
diputado,Tacna,2,PARTIDO CÍVICO OBRAS,4132
diputado,Tacna,2,AHORA NACIÓN - AN,4117
diputado,Tacna,2,VOTOS EN BLANCO,3681
diputado,Tacna,2,JUNTOS POR EL PERÚ,3373
diputado,Tacna,2,RENOVACIÓN POPULAR,2925
diputado,Tacna,2,"PRIMERO LA GENTE – COMUNIDAD, ECOLOGÍA, LIBERTAD Y PROGRESO",2524
diputado,Tacna,2,FUERZA POPULAR,2020
diputado,Tacna,2,PARTIDO PAÍS PARA TODOS,1926
diputado,Tacna,2,PARTIDO FRENTE DE LA ESPERANZA 2021,1505
diputado,Tacna,2,PARTIDO SICREO,1215
diputado,Tacna,2,PODEMOS PERÚ,1169
diputado,Tacna,2,PARTIDO POLÍTICO COOPERACIÓN POPULAR,1072
diputado,Tacna,2,PARTIDO POLÍTICO PERÚ PRIMERO,843
diputado,Tacna,2,FRENTE POPULAR AGRÍCOLA FÍA DEL PERÚ,693
diputado,Tacna,2,AVANZA PAÍS - PARTIDO DE INTEGRACIÓN SOCIAL,656
diputado,Tacna,2,ALIANZA PARA EL PROGRESO,576
diputado,Tacna,2,PARTIDO APRISTA PERUANO,556
diputado,Tacna,2,PARTIDO POLÍTICO NACIONAL PERÚ LIBRE,522
diputado,Tacna,2,PROGRESEMOS,427
diputado,Tacna,2,PARTIDO DEMOCRÁTICO SOMOS PERÚ,309
diputado,Tacna,2,ALIANZA ELECTORAL VENCEREMOS,282
diputado,Tacna,2,PARTIDO POLÍTICO PERÚ ACCIÓN,212
diputado,Tacna,2,UNIDAD NACIONAL,211
diputado,Tacna,2,FUERZA Y LIBERTAD,172
diputado,Tacna,2,PARTIDO DEMÓCRATA VERDE,160
diputado,Tacna,2,LIBERTAD POPULAR,149
diputado,Tacna,2,UN CAMINO DIFERENTE,107
diputado,Tacna,2,PARTIDO POLÍTICO INTEGRIDAD DEMOCRÁTICA,104
diputado,Tacna,2,PARTIDO DEMOCRATICO FEDERAL,43
diputado,Tumbes,2,VOTOS EN BLANCO,8652
diputado,Tumbes,2,VOTOS NULOS,7551
diputado,Tumbes,2,FUERZA POPULAR,6343
diputado,Tumbes,2,RENOVACIÓN POPULAR,2439
diputado,Tumbes,2,ALIANZA PARA EL PROGRESO,2369
diputado,Tumbes,2,JUNTOS POR EL PERÚ,1953
diputado,Tumbes,2,PARTIDO PAÍS PARA TODOS,1850
diputado,Tumbes,2,PARTIDO DEMOCRÁTICO SOMOS PERÚ,1204
diputado,Tumbes,2,PODEMOS PERÚ,1185
diputado,Tumbes,2,AHORA NACIÓN - AN,1168
diputado,Tumbes,2,PARTIDO DEL BUEN GOBIERNO,1095
diputado,Tumbes,2,PARTIDO APRISTA PERUANO,580
diputado,Tumbes,2,ALIANZA ELECTORAL VENCEREMOS,521
diputado,Tumbes,2,"PRIMERO LA GENTE – COMUNIDAD, ECOLOGÍA, LIBERTAD Y PROGRESO",507
diputado,Tumbes,2,FE EN EL PERÚ,426
diputado,Tumbes,2,PARTIDO POLÍTICO NACIONAL PERÚ LIBRE,425
diputado,Tumbes,2,FRENTE POPULAR AGRÍCOLA FÍA DEL PERÚ,343
diputado,Tumbes,2,PARTIDO POLÍTICO INTEGRIDAD DEMOCRÁTICA,308
diputado,Tumbes,2,PARTIDO POLÍTICO PERÚ PRIMERO,255
diputado,Tumbes,2,PARTIDO DEMÓCRATA VERDE,232
diputado,Tumbes,2,PARTIDO MORADO,159
diputado,Tumbes,2,UNIDAD NACIONAL,149
diputado,Tumbes,2,LIBERTAD POPULAR,117
diputado,Tumbes,2,PARTIDO POLÍTICO COOPERACIÓN POPULAR,93
diputado,Tumbes,2,SALVEMOS AL PERÚ,79
diputado,Tumbes,2,UN CAMINO DIFERENTE,74
diputado,Tumbes,2,AVANZA PAÍS - PARTIDO DE INTEGRACIÓN SOCIAL,61
diputado,Tumbes,2,FUERZA Y LIBERTAD,61
diputado,Tumbes,2,PARTIDO POLÍTICO PERÚ ACCIÓN,38
diputado,Ucayali,3,VOTOS NULOS,17895
diputado,Ucayali,3,FUERZA POPULAR,16837
diputado,Ucayali,3,VOTOS EN BLANCO,16476
diputado,Ucayali,3,JUNTOS POR EL PERÚ,4721
diputado,Ucayali,3,PARTIDO PAÍS PARA TODOS,3862
diputado,Ucayali,3,RENOVACIÓN POPULAR,3845
diputado,Ucayali,3,PARTIDO DEMOCRÁTICO SOMOS PERÚ,3545
diputado,Ucayali,3,PARTIDO CÍVICO OBRAS,3433
diputado,Ucayali,3,PARTIDO DEL BUEN GOBIERNO,2905
diputado,Ucayali,3,FRENTE POPULAR AGRÍCOLA FÍA DEL PERÚ,2570
diputado,Ucayali,3,PODEMOS PERÚ,2506
diputado,Ucayali,3,AHORA NACIÓN - AN,2452
diputado,Ucayali,3,PARTIDO POLÍTICO PERÚ PRIMERO,1755
diputado,Ucayali,3,ALIANZA PARA EL PROGRESO,1135
diputado,Ucayali,3,PROGRESEMOS,1016
diputado,Ucayali,3,PARTIDO FRENTE DE LA ESPERANZA 2021,894
diputado,Ucayali,3,PARTIDO POLÍTICO NACIONAL PERÚ LIBRE,861
diputado,Ucayali,3,PARTIDO DEMÓCRATA UNIDO PERÚ,830
diputado,Ucayali,3,PARTIDO APRISTA PERUANO,772
diputado,Ucayali,3,AVANZA PAÍS - PARTIDO DE INTEGRACIÓN SOCIAL,758
diputado,Ucayali,3,ALIANZA ELECTORAL VENCEREMOS,551
diputado,Ucayali,3,PARTIDO POLÍTICO COOPERACIÓN POPULAR,486
diputado,Ucayali,3,PARTIDO DEMÓCRATA VERDE,360
diputado,Ucayali,3,UNIDAD NACIONAL,315
diputado,Ucayali,3,FE EN EL PERÚ,265
diputado,Ucayali,3,FUERZA Y LIBERTAD,256
diputado,Ucayali,3,LIBERTAD POPULAR,202
diputado,Ucayali,3,PARTIDO POLÍTICO INTEGRIDAD DEMOCRÁTICA,190
diputado,Ucayali,3,PARTIDO POLÍTICO PERÚ ACCIÓN,156
diputado,Ucayali,3,PARTIDO POLÍTICO PRIN,143
diputado,Ucayali,3,PERÚ MODERNO,140
diputado,Ucayali,3,UN CAMINO DIFERENTE,136
diputado,Ucayali,3,PARTIDO DEMOCRATICO FEDERAL,66
diputado,PEX,2,VOTOS NULOS,13629
diputado,PEX,2,RENOVACIÓN POPULAR,11727
diputado,PEX,2,VOTOS EN BLANCO,7147
diputado,PEX,2,FUERZA POPULAR,6149
diputado,PEX,2,PARTIDO DEL BUEN GOBIERNO,4805
diputado,PEX,2,AHORA NACIÓN - AN,3230
diputado,PEX,2,PARTIDO CÍVICO OBRAS,3130
diputado,PEX,2,PARTIDO PAÍS PARA TODOS,2975
diputado,PEX,2,"PRIMERO LA GENTE – COMUNIDAD, ECOLOGÍA, LIBERTAD Y PROGRESO",1595
diputado,PEX,2,PARTIDO APRISTA PERUANO,836
diputado,PEX,2,PARTIDO SICREO,544
diputado,PEX,2,PARTIDO FRENTE DE LA ESPERANZA 2021,460
diputado,PEX,2,UN CAMINO DIFERENTE,396
diputado,PEX,2,ALIANZA ELECTORAL VENCEREMOS,332
diputado,PEX,2,PARTIDO DEMOCRÁTICO SOMOS PERÚ,310
diputado,PEX,2,UNIDAD NACIONAL,282
diputado,PEX,2,AVANZA PAÍS - PARTIDO DE INTEGRACIÓN SOCIAL,281
diputado,PEX,2,FRENTE POPULAR AGRÍCOLA FÍA DEL PERÚ,279
diputado,PEX,2,PARTIDO MORADO,249
diputado,PEX,2,PARTIDO DEMÓCRATA UNIDO PERÚ,234
diputado,PEX,2,ALIANZA PARA EL PROGRESO,229
diputado,PEX,2,PARTIDO POLÍTICO COOPERACIÓN POPULAR,222
diputado,PEX,2,PARTIDO POLÍTICO NACIONAL PERÚ LIBRE,205
diputado,PEX,2,PODEMOS PERÚ,204
diputado,PEX,2,PARTIDO DEMÓCRATA VERDE,182
diputado,PEX,2,PARTIDO PATRIÓTICO DEL PERÚ,180
diputado,PEX,2,PARTIDO POLÍTICO PERÚ PRIMERO,163
diputado,PEX,2,PROGRESEMOS,134
diputado,PEX,2,PARTIDO POLÍTICO INTEGRIDAD DEMOCRÁTICA,129
diputado,PEX,2,FUERZA Y LIBERTAD,106
diputado,PEX,2,PARTIDO POLÍTICO PERÚ ACCIÓN,59
diputado,PEX,2,SALVEMOS AL PERÚ,49
diputado,PEX,2,PARTIDO POLÍTICO PRIN,42
diputado,PEX,2,FE EN EL PERÚ,40
senador,Amazonas,1,VOTOS EN BLANCO,44031
senador,Amazonas,1,VOTOS NULOS,13647
senador,Amazonas,1,FUERZA POPULAR,12700
senador,Amazonas,1,AHORA NACIÓN - AN,4968
senador,Amazonas,1,ALIANZA PARA EL PROGRESO,4490
senador,Amazonas,1,PARTIDO DEMOCRÁTICO SOMOS PERÚ,3884
senador,Amazonas,1,RENOVACIÓN POPULAR,3153
senador,Amazonas,1,PODEMOS PERÚ,2864
senador,Amazonas,1,PARTIDO DEL BUEN GOBIERNO,2631
senador,Amazonas,1,PARTIDO POLÍTICO NACIONAL PERÚ LIBRE,1486
senador,Amazonas,1,ALIANZA ELECTORAL VENCEREMOS,1298
senador,Amazonas,1,"PRIMERO LA GENTE – COMUNIDAD, ECOLOGÍA, LIBERTAD Y PROGRESO",1136
senador,Amazonas,1,FRENTE POPULAR AGRÍCOLA FÍA DEL PERÚ,1104
senador,Amazonas,1,PARTIDO POLÍTICO COOPERACIÓN POPULAR,809
senador,Amazonas,1,PARTIDO APRISTA PERUANO,748
senador,Amazonas,1,PARTIDO POLÍTICO PERÚ PRIMERO,724
senador,Amazonas,1,PARTIDO FRENTE DE LA ESPERANZA 2021,627
senador,Amazonas,1,AVANZA PAÍS - PARTIDO DE INTEGRACIÓN SOCIAL,453
senador,Amazonas,1,PARTIDO MORADO,413
senador,Amazonas,1,PARTIDO DEMÓCRATA UNIDO PERÚ,400
senador,Amazonas,1,PARTIDO DEMÓCRATA VERDE,373
senador,Amazonas,1,UN CAMINO DIFERENTE,343
senador,Amazonas,1,PROGRESEMOS,232
senador,Amazonas,1,PARTIDO DEMOCRATICO FEDERAL,198
senador,Amazonas,1,PARTIDO POLÍTICO PRIN,166
senador,Amazonas,1,PARTIDO POLÍTICO INTEGRIDAD DEMOCRÁTICA,162
senador,Amazonas,1,LIBERTAD POPULAR,152
senador,Amazonas,1,FUERZA Y LIBERTAD,104
senador,Áncash,1,VOTOS EN BLANCO,55865
senador,Áncash,1,VOTOS NULOS,47426
senador,Áncash,1,JUNTOS POR EL PERÚ,35609
senador,Áncash,1,FUERZA POPULAR,29641
senador,Áncash,1,AHORA NACIÓN - AN,16766
senador,Áncash,1,PARTIDO CÍVICO OBRAS,16702
senador,Áncash,1,PARTIDO PAÍS PARA TODOS,15065
senador,Áncash,1,PARTIDO DEL BUEN GOBIERNO,10606
senador,Áncash,1,RENOVACIÓN POPULAR,8947
senador,Áncash,1,PODEMOS PERÚ,8533
senador,Áncash,1,ALIANZA PARA EL PROGRESO,5388
senador,Áncash,1,PARTIDO DEMOCRÁTICO SOMOS PERÚ,4837
senador,Áncash,1,"PRIMERO LA GENTE – COMUNIDAD, ECOLOGÍA, LIBERTAD Y PROGRESO",3635
senador,Áncash,1,PARTIDO FRENTE DE LA ESPERANZA 2021,3187
senador,Áncash,1,FRENTE POPULAR AGRÍCOLA FÍA DEL PERÚ,2907
senador,Áncash,1,PARTIDO APRISTA PERUANO,2334
senador,Áncash,1,PARTIDO POLÍTICO PERÚ PRIMERO,2088
senador,Áncash,1,ALIANZA ELECTORAL VENCEREMOS,1778
senador,Áncash,1,PARTIDO PATRIÓTICO DEL PERÚ,1653
senador,Áncash,1,PARTIDO POLÍTICO NACIONAL PERÚ LIBRE,1636
senador,Áncash,1,PROGRESEMOS,1599
senador,Áncash,1,LIBERTAD POPULAR,1364
senador,Áncash,1,PARTIDO DEMÓCRATA UNIDO PERÚ,1292
senador,Áncash,1,PARTIDO POLÍTICO COOPERACIÓN POPULAR,1050
senador,Áncash,1,UN CAMINO DIFERENTE,954
senador,Áncash,1,PARTIDO MORADO,770
senador,Áncash,1,FE EN EL PERÚ,574
senador,Áncash,1,PARTIDO POLÍTICO INTEGRIDAD DEMOCRÁTICA,507
senador,Áncash,1,FUERZA Y LIBERTAD,420
senador,Áncash,1,SALVEMOS AL PERÚ,375
senador,Áncash,1,UNIDAD NACIONAL,366
senador,Áncash,1,PARTIDO POLÍTICO PERÚ ACCIÓN,354
senador,Áncash,1,PARTIDO DEMOCRATICO FEDERAL,333
senador,Áncash,1,AVANZA PAÍS - PARTIDO DE INTEGRACIÓN SOCIAL,310
senador,Áncash,1,PARTIDO POLÍTICO PRIN,236
senador,Áncash,1,PERÚ MODERNO,75
senador,Apurímac,1,JUNTOS POR EL PERÚ,34708
senador,Apurímac,1,VOTOS EN BLANCO,17606
senador,Apurímac,1,VOTOS NULOS,16411
senador,Apurímac,1,PARTIDO CÍVICO OBRAS,8536
senador,Apurímac,1,AHORA NACIÓN - AN,7096
senador,Apurímac,1,PARTIDO DEMÓCRATA UNIDO PERÚ,3788
senador,Apurímac,1,FRENTE POPULAR AGRÍCOLA FÍA DEL PERÚ,3679
senador,Apurímac,1,FUERZA POPULAR,3655
senador,Apurímac,1,PARTIDO DEL BUEN GOBIERNO,2465
senador,Apurímac,1,PODEMOS PERÚ,2120
senador,Apurímac,1,LIBERTAD POPULAR,1857
senador,Apurímac,1,RENOVACIÓN POPULAR,1582
senador,Apurímac,1,PARTIDO POLÍTICO NACIONAL PERÚ LIBRE,1418
senador,Apurímac,1,ALIANZA PARA EL PROGRESO,1368
senador,Apurímac,1,PROGRESEMOS,1341
senador,Apurímac,1,ALIANZA ELECTORAL VENCEREMOS,972
senador,Apurímac,1,PARTIDO FRENTE DE LA ESPERANZA 2021,898
senador,Apurímac,1,PARTIDO PATRIÓTICO DEL PERÚ,770
senador,Apurímac,1,PARTIDO PAÍS PARA TODOS,726
senador,Apurímac,1,PARTIDO POLÍTICO PERÚ PRIMERO,676
senador,Apurímac,1,PARTIDO POLÍTICO COOPERACIÓN POPULAR,458
senador,Apurímac,1,SALVEMOS AL PERÚ,420
senador,Apurímac,1,PARTIDO DEMÓCRATA VERDE,400
senador,Apurímac,1,PARTIDO APRISTA PERUANO,294
senador,Apurímac,1,PARTIDO DEMOCRÁTICO SOMOS PERÚ,243
senador,Apurímac,1,PARTIDO MORADO,226
senador,Apurímac,1,AVANZA PAÍS - PARTIDO DE INTEGRACIÓN SOCIAL,220
senador,Apurímac,1,PARTIDO DEMOCRATICO FEDERAL,185
senador,Apurímac,1,PARTIDO POLÍTICO PRIN,169
senador,Apurímac,1,FUERZA Y LIBERTAD,167
senador,Apurímac,1,UNIDAD NACIONAL,92
senador,Apurímac,1,PARTIDO POLÍTICO INTEGRIDAD DEMOCRÁTICA,83
senador,Apurímac,1,UN CAMINO DIFERENTE,60
senador,Apurímac,1,PERÚ MODERNO,25
senador,Arequipa,1,VOTOS NULOS,51902
senador,Arequipa,1,PARTIDO DEL BUEN GOBIERNO,48570
senador,Arequipa,1,VOTOS EN BLANCO,41377
senador,Arequipa,1,JUNTOS POR EL PERÚ,36757
senador,Arequipa,1,PARTIDO CÍVICO OBRAS,30613
senador,Arequipa,1,AHORA NACIÓN - AN,27496
senador,Arequipa,1,RENOVACIÓN POPULAR,24776
senador,Arequipa,1,PARTIDO PAÍS PARA TODOS,20932
senador,Arequipa,1,FUERZA POPULAR,18428
senador,Arequipa,1,"PRIMERO LA GENTE – COMUNIDAD, ECOLOGÍA, LIBERTAD Y PROGRESO",11042
senador,Arequipa,1,PARTIDO FRENTE DE LA ESPERANZA 2021,8116
senador,Arequipa,1,FRENTE POPULAR AGRÍCOLA FÍA DEL PERÚ,6719
senador,Arequipa,1,PODEMOS PERÚ,5085
senador,Arequipa,1,PARTIDO POLÍTICO COOPERACIÓN POPULAR,5051
senador,Arequipa,1,ALIANZA PARA EL PROGRESO,3951
senador,Arequipa,1,PARTIDO POLÍTICO PERÚ PRIMERO,3856
senador,Arequipa,1,PARTIDO APRISTA PERUANO,3185
senador,Arequipa,1,ALIANZA ELECTORAL VENCEREMOS,3043
senador,Arequipa,1,PROGRESEMOS,2915
senador,Arequipa,1,PARTIDO POLÍTICO NACIONAL PERÚ LIBRE,2605
senador,Arequipa,1,PARTIDO MORADO,1470
senador,Arequipa,1,PARTIDO DEMOCRÁTICO SOMOS PERÚ,1432
senador,Arequipa,1,PARTIDO DEMÓCRATA VERDE,1391
senador,Arequipa,1,UNIDAD NACIONAL,877
senador,Arequipa,1,FUERZA Y LIBERTAD,804
senador,Arequipa,1,AVANZA PAÍS - PARTIDO DE INTEGRACIÓN SOCIAL,704
senador,Arequipa,1,UN CAMINO DIFERENTE,671
senador,Arequipa,1,PARTIDO DEMOCRATICO FEDERAL,598
senador,Arequipa,1,PARTIDO POLÍTICO PERÚ ACCIÓN,552
senador,Arequipa,1,FE EN EL PERÚ,531
senador,Arequipa,1,PARTIDO DE LOS TRABAJADORES Y EMPRENDEDORES PTE - PERÚ,395
senador,Arequipa,1,PERÚ MODERNO,359
senador,Arequipa,1,SALVEMOS AL PERÚ,344
senador,Arequipa,1,PARTIDO POLÍTICO PRIN,329
senador,Ayacucho,1,JUNTOS POR EL PERÚ,44166
senador,Ayacucho,1,VOTOS NULOS,32167
senador,Ayacucho,1,VOTOS EN BLANCO,31260
senador,Ayacucho,1,AHORA NACIÓN - AN,22456
senador,Ayacucho,1,PARTIDO CÍVICO OBRAS,16975
senador,Ayacucho,1,FUERZA POPULAR,9957
senador,Ayacucho,1,PARTIDO DEL BUEN GOBIERNO,8467
senador,Ayacucho,1,PODEMOS PERÚ,5214
senador,Ayacucho,1,FRENTE POPULAR AGRÍCOLA FÍA DEL PERÚ,4868
senador,Ayacucho,1,RENOVACIÓN POPULAR,3812
senador,Ayacucho,1,PARTIDO FRENTE DE LA ESPERANZA 2021,3532
senador,Ayacucho,1,PARTIDO POLÍTICO PERÚ PRIMERO,3164
senador,Ayacucho,1,ALIANZA ELECTORAL VENCEREMOS,2874
senador,Ayacucho,1,PARTIDO POLÍTICO NACIONAL PERÚ LIBRE,2691
senador,Ayacucho,1,PARTIDO DEMÓCRATA UNIDO PERÚ,2586
senador,Ayacucho,1,PARTIDO POLÍTICO COOPERACIÓN POPULAR,2483
senador,Ayacucho,1,PARTIDO PAÍS PARA TODOS,2467
senador,Ayacucho,1,ALIANZA PARA EL PROGRESO,2372
senador,Ayacucho,1,LIBERTAD POPULAR,1962
senador,Ayacucho,1,PARTIDO DEMOCRÁTICO SOMOS PERÚ,1687
senador,Ayacucho,1,PROGRESEMOS,1181
senador,Ayacucho,1,PARTIDO DEMÓCRATA VERDE,1018
senador,Ayacucho,1,PARTIDO APRISTA PERUANO,791
senador,Ayacucho,1,FUERZA Y LIBERTAD,573
senador,Ayacucho,1,UN CAMINO DIFERENTE,418
senador,Ayacucho,1,SALVEMOS AL PERÚ,374
senador,Ayacucho,1,PARTIDO POLÍTICO INTEGRIDAD DEMOCRÁTICA,339
senador,Ayacucho,1,AVANZA PAÍS - PARTIDO DE INTEGRACIÓN SOCIAL,219
senador,Ayacucho,1,UNIDAD NACIONAL,217
senador,Cajamarca,1,VOTOS EN BLANCO,113197
senador,Cajamarca,1,VOTOS NULOS,29139
senador,Cajamarca,1,FUERZA POPULAR,20335
senador,Cajamarca,1,PARTIDO CÍVICO OBRAS,15521
senador,Cajamarca,1,AHORA NACIÓN - AN,7796
senador,Cajamarca,1,PARTIDO DEL BUEN GOBIERNO,7308
senador,Cajamarca,1,ALIANZA PARA EL PROGRESO,6826
senador,Cajamarca,1,PODEMOS PERÚ,5787
senador,Cajamarca,1,RENOVACIÓN POPULAR,5057
senador,Cajamarca,1,PARTIDO DEMOCRÁTICO SOMOS PERÚ,3690
senador,Cajamarca,1,PARTIDO PAÍS PARA TODOS,3521
senador,Cajamarca,1,"PRIMERO LA GENTE – COMUNIDAD, ECOLOGÍA, LIBERTAD Y PROGRESO",3169
senador,Cajamarca,1,PARTIDO POLÍTICO NACIONAL PERÚ LIBRE,2941
senador,Cajamarca,1,PARTIDO POLÍTICO PERÚ PRIMERO,2737
senador,Cajamarca,1,AVANZA PAÍS - PARTIDO DE INTEGRACIÓN SOCIAL,1796
senador,Cajamarca,1,PARTIDO FRENTE DE LA ESPERANZA 2021,1763
senador,Cajamarca,1,FRENTE POPULAR AGRÍCOLA FÍA DEL PERÚ,1573
senador,Cajamarca,1,PARTIDO APRISTA PERUANO,1517
senador,Cajamarca,1,LIBERTAD POPULAR,1265
senador,Cajamarca,1,ALIANZA ELECTORAL VENCEREMOS,1226
senador,Cajamarca,1,UNIDAD NACIONAL,1090
senador,Cajamarca,1,UN CAMINO DIFERENTE,952
senador,Cajamarca,1,PARTIDO DEMÓCRATA VERDE,765
senador,Cajamarca,1,PARTIDO POLÍTICO COOPERACIÓN POPULAR,762
senador,Cajamarca,1,PARTIDO DEMÓCRATA UNIDO PERÚ,672
senador,Cajamarca,1,PROGRESEMOS,523
senador,Cajamarca,1,PARTIDO DEMOCRATICO FEDERAL,500
senador,Cajamarca,1,PARTIDO POLÍTICO INTEGRIDAD DEMOCRÁTICA,433
senador,Cajamarca,1,SALVEMOS AL PERÚ,349
senador,Cajamarca,1,PERÚ MODERNO,209
senador,Cajamarca,1,FUERZA Y LIBERTAD,174
senador,Callao,1,VOTOS NULOS,82609
senador,Callao,1,FUERZA POPULAR,67764
senador,Callao,1,PARTIDO DEL BUEN GOBIERNO,60413
senador,Callao,1,RENOVACIÓN POPULAR,57381
senador,Callao,1,VOTOS EN BLANCO,56552
senador,Callao,1,PARTIDO PAÍS PARA TODOS,34635
senador,Callao,1,PARTIDO CÍVICO OBRAS,27965
senador,Callao,1,AHORA NACIÓN - AN,26478
senador,Callao,1,"PRIMERO LA GENTE – COMUNIDAD, ECOLOGÍA, LIBERTAD Y PROGRESO",17710
senador,Callao,1,JUNTOS POR EL PERÚ,11309
senador,Callao,1,PARTIDO APRISTA PERUANO,7340
senador,Callao,1,PARTIDO FRENTE DE LA ESPERANZA 2021,4981
senador,Callao,1,PODEMOS PERÚ,4404
senador,Callao,1,FRENTE POPULAR AGRÍCOLA FÍA DEL PERÚ,4350
senador,Callao,1,PARTIDO DEMOCRÁTICO SOMOS PERÚ,4244
senador,Callao,1,ALIANZA PARA EL PROGRESO,4132
senador,Callao,1,AVANZA PAÍS - PARTIDO DE INTEGRACIÓN SOCIAL,3949
senador,Callao,1,PROGRESEMOS,3234
senador,Callao,1,UNIDAD NACIONAL,3195
senador,Callao,1,PARTIDO MORADO,2832
senador,Callao,1,PARTIDO POLÍTICO PERÚ PRIMERO,2682
senador,Callao,1,LIBERTAD POPULAR,2218
senador,Callao,1,PARTIDO POLÍTICO INTEGRIDAD DEMOCRÁTICA,2091
senador,Callao,1,PARTIDO POLÍTICO COOPERACIÓN POPULAR,1821
senador,Callao,1,PARTIDO DEMÓCRATA UNIDO PERÚ,1656
senador,Callao,1,PARTIDO DEMÓCRATA VERDE,1634
senador,Callao,1,ALIANZA ELECTORAL VENCEREMOS,1525
senador,Callao,1,PARTIDO POLÍTICO NACIONAL PERÚ LIBRE,1373
senador,Callao,1,FUERZA Y LIBERTAD,866
senador,Callao,1,PARTIDO POLÍTICO PERÚ ACCIÓN,675
senador,Callao,1,FE EN EL PERÚ,544
senador,Callao,1,PARTIDO POLÍTICO PRIN,512
senador,Callao,1,SALVEMOS AL PERÚ,373
senador,Callao,1,PERÚ MODERNO,241
senador,Cusco,1,JUNTOS POR EL PERÚ,55959
senador,Cusco,1,VOTOS NULOS,49678
senador,Cusco,1,VOTOS EN BLANCO,39115
senador,Cusco,1,AHORA NACIÓN - AN,32018
senador,Cusco,1,PARTIDO CÍVICO OBRAS,30617
senador,Cusco,1,PARTIDO DEL BUEN GOBIERNO,18404
senador,Cusco,1,FUERZA POPULAR,8583
senador,Cusco,1,RENOVACIÓN POPULAR,7803
senador,Cusco,1,FRENTE POPULAR AGRÍCOLA FÍA DEL PERÚ,7190
senador,Cusco,1,ALIANZA ELECTORAL VENCEREMOS,6171
senador,Cusco,1,PARTIDO FRENTE DE LA ESPERANZA 2021,5926
senador,Cusco,1,"PRIMERO LA GENTE – COMUNIDAD, ECOLOGÍA, LIBERTAD Y PROGRESO",5773
senador,Cusco,1,PODEMOS PERÚ,4810
senador,Cusco,1,PARTIDO POLÍTICO COOPERACIÓN POPULAR,4069
senador,Cusco,1,PARTIDO PAÍS PARA TODOS,3894
senador,Cusco,1,PARTIDO APRISTA PERUANO,3503
senador,Cusco,1,PARTIDO DEMOCRÁTICO SOMOS PERÚ,3042
senador,Cusco,1,PARTIDO POLÍTICO NACIONAL PERÚ LIBRE,2977
senador,Cusco,1,PARTIDO PATRIÓTICO DEL PERÚ,2677
senador,Cusco,1,ALIANZA PARA EL PROGRESO,2561
senador,Cusco,1,PROGRESEMOS,2531
senador,Cusco,1,PARTIDO POLÍTICO PERÚ PRIMERO,2070
senador,Cusco,1,PARTIDO DEMÓCRATA UNIDO PERÚ,1615
senador,Cusco,1,PARTIDO DEMÓCRATA VERDE,1289
senador,Cusco,1,LIBERTAD POPULAR,1141
senador,Cusco,1,PARTIDO POLÍTICO PERÚ ACCIÓN,547
senador,Cusco,1,SALVEMOS AL PERÚ,530
senador,Cusco,1,PARTIDO POLÍTICO INTEGRIDAD DEMOCRÁTICA,522
senador,Cusco,1,PARTIDO DEMOCRATICO FEDERAL,491
senador,Cusco,1,AVANZA PAÍS - PARTIDO DE INTEGRACIÓN SOCIAL,491
senador,Cusco,1,UNIDAD NACIONAL,424
senador,Cusco,1,FUERZA Y LIBERTAD,411
senador,Cusco,1,UN CAMINO DIFERENTE,323
senador,Cusco,1,PERÚ MODERNO,216
senador,Huancavelica,1,JUNTOS POR EL PERÚ,46496
senador,Huancavelica,1,VOTOS EN BLANCO,39883
senador,Huancavelica,1,VOTOS NULOS,20421
senador,Huancavelica,1,FUERZA POPULAR,6842
senador,Huancavelica,1,PODEMOS PERÚ,5086
senador,Huancavelica,1,ALIANZA PARA EL PROGRESO,3810
senador,Huancavelica,1,FRENTE POPULAR AGRÍCOLA FÍA DEL PERÚ,2811
senador,Huancavelica,1,RENOVACIÓN POPULAR,2606
senador,Huancavelica,1,PARTIDO POLÍTICO NACIONAL PERÚ LIBRE,2310
senador,Huancavelica,1,PARTIDO POLÍTICO COOPERACIÓN POPULAR,1950
senador,Huancavelica,1,PARTIDO PAÍS PARA TODOS,1779
senador,Huancavelica,1,PROGRESEMOS,1759
senador,Huancavelica,1,"PRIMERO LA GENTE – COMUNIDAD, ECOLOGÍA, LIBERTAD Y PROGRESO",1640
senador,Huancavelica,1,ALIANZA ELECTORAL VENCEREMOS,1609
senador,Huancavelica,1,PARTIDO POLÍTICO PERÚ PRIMERO,1573
senador,Huancavelica,1,PARTIDO FRENTE DE LA ESPERANZA 2021,1498
senador,Huancavelica,1,PARTIDO DEMÓCRATA VERDE,1283
senador,Huancavelica,1,FUERZA Y LIBERTAD,614
senador,Huancavelica,1,PARTIDO DEMOCRÁTICO SOMOS PERÚ,483
senador,Huancavelica,1,PARTIDO APRISTA PERUANO,376
senador,Huancavelica,1,UNIDAD NACIONAL,337
senador,Huancavelica,1,PARTIDO POLÍTICO PERÚ ACCIÓN,272
senador,Huancavelica,1,UN CAMINO DIFERENTE,231
senador,Huancavelica,1,PARTIDO POLÍTICO INTEGRIDAD DEMOCRÁTICA,205
senador,Huancavelica,1,PERÚ MODERNO,60
senador,Huánuco,1,JUNTOS POR EL PERÚ,26412
senador,Huánuco,1,VOTOS EN BLANCO,21807
senador,Huánuco,1,VOTOS NULOS,20463
senador,Huánuco,1,FUERZA POPULAR,12717
senador,Huánuco,1,PARTIDO CÍVICO OBRAS,9598
senador,Huánuco,1,RENOVACIÓN POPULAR,5206
senador,Huánuco,1,AHORA NACIÓN - AN,4410
senador,Huánuco,1,PARTIDO PAÍS PARA TODOS,3976
senador,Huánuco,1,FRENTE POPULAR AGRÍCOLA FÍA DEL PERÚ,2904
senador,Huánuco,1,PODEMOS PERÚ,2725
senador,Huánuco,1,PARTIDO DEL BUEN GOBIERNO,2506
senador,Huánuco,1,PARTIDO DEMOCRÁTICO SOMOS PERÚ,1304
senador,Huánuco,1,ALIANZA PARA EL PROGRESO,1140
senador,Huánuco,1,PARTIDO POLÍTICO PERÚ PRIMERO,1133
senador,Huánuco,1,PARTIDO POLÍTICO NACIONAL PERÚ LIBRE,1114
senador,Huánuco,1,"PRIMERO LA GENTE – COMUNIDAD, ECOLOGÍA, LIBERTAD Y PROGRESO",1019
senador,Huánuco,1,PARTIDO FRENTE DE LA ESPERANZA 2021,994
senador,Huánuco,1,PARTIDO DEMÓCRATA UNIDO PERÚ,925
senador,Huánuco,1,ALIANZA ELECTORAL VENCEREMOS,920
senador,Huánuco,1,PARTIDO DEMÓCRATA VERDE,619
senador,Huánuco,1,LIBERTAD POPULAR,527
senador,Huánuco,1,PARTIDO APRISTA PERUANO,473
senador,Huánuco,1,PROGRESEMOS,404
senador,Huánuco,1,FE EN EL PERÚ,334
senador,Huánuco,1,UN CAMINO DIFERENTE,255
senador,Huánuco,1,AVANZA PAÍS - PARTIDO DE INTEGRACIÓN SOCIAL,227
senador,Huánuco,1,PARTIDO MORADO,226
senador,Huánuco,1,PARTIDO POLÍTICO INTEGRIDAD DEMOCRÁTICA,190
senador,Huánuco,1,UNIDAD NACIONAL,174
senador,Huánuco,1,PARTIDO DE LOS TRABAJADORES Y EMPRENDEDORES PTE - PERÚ,129
senador,Huánuco,1,FUERZA Y LIBERTAD,118
senador,Huánuco,1,PERÚ MODERNO,96
senador,Ica,1,VOTOS NULOS,12591
senador,Ica,1,VOTOS EN BLANCO,9489
senador,Ica,1,FUERZA POPULAR,9446
senador,Ica,1,PARTIDO DEL BUEN GOBIERNO,5251
senador,Ica,1,PARTIDO PAÍS PARA TODOS,5169
senador,Ica,1,PARTIDO CÍVICO OBRAS,4190
senador,Ica,1,RENOVACIÓN POPULAR,3840
senador,Ica,1,JUNTOS POR EL PERÚ,2785
senador,Ica,1,AHORA NACIÓN - AN,2772
senador,Ica,1,ALIANZA PARA EL PROGRESO,1779
senador,Ica,1,"PRIMERO LA GENTE – COMUNIDAD, ECOLOGÍA, LIBERTAD Y PROGRESO",1748
senador,Ica,1,PODEMOS PERÚ,1632
senador,Ica,1,PARTIDO DEMOCRÁTICO SOMOS PERÚ,1397
senador,Ica,1,PARTIDO FRENTE DE LA ESPERANZA 2021,1010
senador,Ica,1,PARTIDO APRISTA PERUANO,974
senador,Ica,1,PROGRESEMOS,666
senador,Ica,1,PARTIDO POLÍTICO PERÚ PRIMERO,579
senador,Ica,1,FRENTE POPULAR AGRÍCOLA FÍA DEL PERÚ,558
senador,Ica,1,AVANZA PAÍS - PARTIDO DE INTEGRACIÓN SOCIAL,453
senador,Ica,1,PARTIDO POLÍTICO NACIONAL PERÚ LIBRE,377
senador,Ica,1,PARTIDO POLÍTICO INTEGRIDAD DEMOCRÁTICA,330
senador,Ica,1,PARTIDO MORADO,330
senador,Ica,1,LIBERTAD POPULAR,316
senador,Ica,1,PARTIDO POLÍTICO COOPERACIÓN POPULAR,281
senador,Ica,1,ALIANZA ELECTORAL VENCEREMOS,264
senador,Ica,1,PARTIDO DEMÓCRATA UNIDO PERÚ,247
senador,Ica,1,PARTIDO DEMÓCRATA VERDE,235
senador,Ica,1,FUERZA Y LIBERTAD,219
senador,Ica,1,PARTIDO POLÍTICO PERÚ ACCIÓN,145
senador,Ica,1,UNIDAD NACIONAL,141
senador,Ica,1,PERÚ MODERNO,109
senador,Ica,1,PARTIDO DEMOCRATICO FEDERAL,103
senador,Ica,1,UN CAMINO DIFERENTE,100
senador,Ica,1,SALVEMOS AL PERÚ,87
senador,Ica,1,PARTIDO POLÍTICO PRIN,49
senador,Junín,1,VOTOS NULOS,45332
senador,Junín,1,VOTOS EN BLANCO,34519
senador,Junín,1,FUERZA POPULAR,26566
senador,Junín,1,AHORA NACIÓN - AN,25308
senador,Junín,1,JUNTOS POR EL PERÚ,20149
senador,Junín,1,PARTIDO CÍVICO OBRAS,18885
senador,Junín,1,PARTIDO DEL BUEN GOBIERNO,17111
senador,Junín,1,RENOVACIÓN POPULAR,13905
senador,Junín,1,PARTIDO PAÍS PARA TODOS,10723
senador,Junín,1,PODEMOS PERÚ,8801
senador,Junín,1,FRENTE POPULAR AGRÍCOLA FÍA DEL PERÚ,6215
senador,Junín,1,PARTIDO POLÍTICO NACIONAL PERÚ LIBRE,5824
senador,Junín,1,ALIANZA PARA EL PROGRESO,5497
senador,Junín,1,PARTIDO FRENTE DE LA ESPERANZA 2021,4801
senador,Junín,1,FUERZA Y LIBERTAD,3388
senador,Junín,1,PARTIDO POLÍTICO COOPERACIÓN POPULAR,2309
senador,Junín,1,PROGRESEMOS,2206
senador,Junín,1,PARTIDO DEMÓCRATA UNIDO PERÚ,2102
senador,Junín,1,PARTIDO POLÍTICO PERÚ PRIMERO,2097
senador,Junín,1,ALIANZA ELECTORAL VENCEREMOS,1590
senador,Junín,1,PARTIDO MORADO,1580
senador,Junín,1,PARTIDO DEMÓCRATA VERDE,1238
senador,Junín,1,PARTIDO DEMOCRÁTICO SOMOS PERÚ,1089
senador,Junín,1,PARTIDO POLÍTICO INTEGRIDAD DEMOCRÁTICA,747
senador,Junín,1,AVANZA PAÍS - PARTIDO DE INTEGRACIÓN SOCIAL,606
senador,Junín,1,LIBERTAD POPULAR,602
senador,Junín,1,UNIDAD NACIONAL,537
senador,Junín,1,UN CAMINO DIFERENTE,485
senador,Junín,1,PARTIDO POLÍTICO PERÚ ACCIÓN,475
senador,Junín,1,SALVEMOS AL PERÚ,368
senador,Junín,1,PARTIDO POLÍTICO PRIN,200
senador,Junín,1,PERÚ MODERNO,148
senador,La Libertad,1,VOTOS NULOS,52454
senador,La Libertad,1,VOTOS EN BLANCO,41875
senador,La Libertad,1,FUERZA POPULAR,36903
senador,La Libertad,1,JUNTOS POR EL PERÚ,31097
senador,La Libertad,1,UN CAMINO DIFERENTE,20264
senador,La Libertad,1,PARTIDO DEL BUEN GOBIERNO,14558
senador,La Libertad,1,PARTIDO CÍVICO OBRAS,14345
senador,La Libertad,1,RENOVACIÓN POPULAR,11001
senador,La Libertad,1,PARTIDO PAÍS PARA TODOS,10004
senador,La Libertad,1,ALIANZA PARA EL PROGRESO,9949
senador,La Libertad,1,PARTIDO APRISTA PERUANO,7957
senador,La Libertad,1,AHORA NACIÓN - AN,7207
senador,La Libertad,1,PODEMOS PERÚ,6754
senador,La Libertad,1,PARTIDO SICREO,5630
senador,La Libertad,1,"PRIMERO LA GENTE – COMUNIDAD, ECOLOGÍA, LIBERTAD Y PROGRESO",4620
senador,La Libertad,1,FRENTE POPULAR AGRÍCOLA FÍA DEL PERÚ,3763
senador,La Libertad,1,PARTIDO DEMOCRÁTICO SOMOS PERÚ,2908
senador,La Libertad,1,PARTIDO FRENTE DE LA ESPERANZA 2021,2385
senador,La Libertad,1,PARTIDO POLÍTICO PERÚ PRIMERO,1975
senador,La Libertad,1,PARTIDO PATRIÓTICO DEL PERÚ,1759
senador,La Libertad,1,PARTIDO POLÍTICO NACIONAL PERÚ LIBRE,1640
senador,La Libertad,1,ALIANZA ELECTORAL VENCEREMOS,1568
senador,La Libertad,1,PARTIDO DEMÓCRATA UNIDO PERÚ,1216
senador,La Libertad,1,AVANZA PAÍS - PARTIDO DE INTEGRACIÓN SOCIAL,1083
senador,La Libertad,1,PARTIDO MORADO,1024
senador,La Libertad,1,PROGRESEMOS,882
senador,La Libertad,1,PARTIDO DEMÓCRATA VERDE,761
senador,La Libertad,1,PARTIDO POLÍTICO INTEGRIDAD DEMOCRÁTICA,585
senador,La Libertad,1,LIBERTAD POPULAR,567
senador,La Libertad,1,PARTIDO POLÍTICO COOPERACIÓN POPULAR,553
senador,La Libertad,1,FE EN EL PERÚ,483
senador,La Libertad,1,UNIDAD NACIONAL,395
senador,La Libertad,1,PARTIDO POLÍTICO PERÚ ACCIÓN,343
senador,La Libertad,1,FUERZA Y LIBERTAD,289
senador,La Libertad,1,PARTIDO DEMOCRATICO FEDERAL,241
senador,Lambayeque,1,FUERZA POPULAR,26238
senador,Lambayeque,1,VOTOS NULOS,23683
senador,Lambayeque,1,VOTOS EN BLANCO,19630
senador,Lambayeque,1,PARTIDO DEL BUEN GOBIERNO,11756
senador,Lambayeque,1,JUNTOS POR EL PERÚ,10027
senador,Lambayeque,1,RENOVACIÓN POPULAR,7800
senador,Lambayeque,1,PARTIDO CÍVICO OBRAS,7243
senador,Lambayeque,1,PARTIDO PAÍS PARA TODOS,6989
senador,Lambayeque,1,ALIANZA PARA EL PROGRESO,5360
senador,Lambayeque,1,AHORA NACIÓN - AN,4666
senador,Lambayeque,1,PARTIDO APRISTA PERUANO,3885
senador,Lambayeque,1,"PRIMERO LA GENTE – COMUNIDAD, ECOLOGÍA, LIBERTAD Y PROGRESO",3040
senador,Lambayeque,1,PARTIDO POLÍTICO PERÚ PRIMERO,2163
senador,Lambayeque,1,PARTIDO DEMOCRÁTICO SOMOS PERÚ,2117
senador,Lambayeque,1,PODEMOS PERÚ,1670
senador,Lambayeque,1,PARTIDO FRENTE DE LA ESPERANZA 2021,1556
senador,Lambayeque,1,PARTIDO PATRIÓTICO DEL PERÚ,1102
senador,Lambayeque,1,FRENTE POPULAR AGRÍCOLA FÍA DEL PERÚ,1005
senador,Lambayeque,1,AVANZA PAÍS - PARTIDO DE INTEGRACIÓN SOCIAL,747
senador,Lambayeque,1,ALIANZA ELECTORAL VENCEREMOS,710
senador,Lambayeque,1,PARTIDO POLÍTICO NACIONAL PERÚ LIBRE,671
senador,Lambayeque,1,PARTIDO MORADO,660
senador,Lambayeque,1,UN CAMINO DIFERENTE,619
senador,Lambayeque,1,UNIDAD NACIONAL,583
senador,Lambayeque,1,PARTIDO POLÍTICO INTEGRIDAD DEMOCRÁTICA,497
senador,Lambayeque,1,PARTIDO POLÍTICO COOPERACIÓN POPULAR,480
senador,Lambayeque,1,PARTIDO DEMÓCRATA VERDE,453
senador,Lambayeque,1,PROGRESEMOS,452
senador,Lambayeque,1,PARTIDO DEMÓCRATA UNIDO PERÚ,317
senador,Lambayeque,1,LIBERTAD POPULAR,258
senador,Lambayeque,1,PARTIDO DEMOCRATICO FEDERAL,220
senador,Lambayeque,1,FE EN EL PERÚ,182
senador,Lambayeque,1,FUERZA Y LIBERTAD,109
senador,Lambayeque,1,PERÚ MODERNO,100
senador,Lambayeque,1,PARTIDO POLÍTICO PRIN,99
senador,Lambayeque,1,SALVEMOS AL PERÚ,98
senador,Lima,4,RENOVACIÓN POPULAR,704904
senador,Lima,4,VOTOS NULOS,583786
senador,Lima,4,PARTIDO DEL BUEN GOBIERNO,571701
senador,Lima,4,FUERZA POPULAR,530552
senador,Lima,4,VOTOS EN BLANCO,501080
senador,Lima,4,AHORA NACIÓN - AN,298611
senador,Lima,4,PARTIDO CÍVICO OBRAS,285368
senador,Lima,4,PARTIDO PAÍS PARA TODOS,232286
senador,Lima,4,"PRIMERO LA GENTE – COMUNIDAD, ECOLOGÍA, LIBERTAD Y PROGRESO",161877
senador,Lima,4,JUNTOS POR EL PERÚ,98530
senador,Lima,4,PARTIDO APRISTA PERUANO,65096
senador,Lima,4,FRENTE POPULAR AGRÍCOLA FÍA DEL PERÚ,49212
senador,Lima,4,PARTIDO FRENTE DE LA ESPERANZA 2021,46269
senador,Lima,4,PODEMOS PERÚ,42403
senador,Lima,4,PARTIDO DEMOCRÁTICO SOMOS PERÚ,37437
senador,Lima,4,ALIANZA PARA EL PROGRESO,31785
senador,Lima,4,PROGRESEMOS,29723
senador,Lima,4,PARTIDO MORADO,22741
senador,Lima,4,AVANZA PAÍS - PARTIDO DE INTEGRACIÓN SOCIAL,22136
senador,Lima,4,PARTIDO PATRIÓTICO DEL PERÚ,20618
senador,Lima,4,LIBERTAD POPULAR,20147
senador,Lima,4,PARTIDO POLÍTICO PERÚ PRIMERO,19024
senador,Lima,4,UNIDAD NACIONAL,18948
senador,Lima,4,PARTIDO POLÍTICO INTEGRIDAD DEMOCRÁTICA,17146
senador,Lima,4,PARTIDO DEMÓCRATA UNIDO PERÚ,16798
senador,Lima,4,PARTIDO POLÍTICO COOPERACIÓN POPULAR,16791
senador,Lima,4,ALIANZA ELECTORAL VENCEREMOS,15054
senador,Lima,4,PARTIDO POLÍTICO NACIONAL PERÚ LIBRE,12216
senador,Lima,4,PARTIDO DEMÓCRATA VERDE,11389
senador,Lima,4,UN CAMINO DIFERENTE,6463
senador,Lima,4,FUERZA Y LIBERTAD,6186
senador,Lima,4,FE EN EL PERÚ,4915
senador,Lima,4,PARTIDO POLÍTICO PERÚ ACCIÓN,3986
senador,Lima,4,PARTIDO POLÍTICO PRIN,3909
senador,Lima,4,PARTIDO DEMOCRATICO FEDERAL,3757
senador,Lima,4,PARTIDO DE LOS TRABAJADORES Y EMPRENDEDORES PTE - PERÚ,3101
senador,Lima,4,PERÚ MODERNO,2446
senador,Lima,4,SALVEMOS AL PERÚ,2373
senador,Lima Provincias,1,VOTOS NULOS,38608
senador,Lima Provincias,1,FUERZA POPULAR,36071
senador,Lima Provincias,1,VOTOS EN BLANCO,31821
senador,Lima Provincias,1,RENOVACIÓN POPULAR,18208
senador,Lima Provincias,1,PARTIDO CÍVICO OBRAS,17390
senador,Lima Provincias,1,PARTIDO DEL BUEN GOBIERNO,15624
senador,Lima Provincias,1,JUNTOS POR EL PERÚ,15141
senador,Lima Provincias,1,AHORA NACIÓN - AN,12283
senador,Lima Provincias,1,PARTIDO PAÍS PARA TODOS,11718
senador,Lima Provincias,1,PARTIDO SICREO,5416
senador,Lima Provincias,1,FRENTE POPULAR AGRÍCOLA FÍA DEL PERÚ,4779
senador,Lima Provincias,1,"PRIMERO LA GENTE – COMUNIDAD, ECOLOGÍA, LIBERTAD Y PROGRESO",4655
senador,Lima Provincias,1,PODEMOS PERÚ,3770
senador,Lima Provincias,1,PARTIDO FRENTE DE LA ESPERANZA 2021,3588
senador,Lima Provincias,1,ALIANZA PARA EL PROGRESO,3490
senador,Lima Provincias,1,PARTIDO POLÍTICO PERÚ PRIMERO,2198
senador,Lima Provincias,1,PARTIDO DEMOCRÁTICO SOMOS PERÚ,2045
senador,Lima Provincias,1,PROGRESEMOS,1821
senador,Lima Provincias,1,PARTIDO POLÍTICO NACIONAL PERÚ LIBRE,1820
senador,Lima Provincias,1,PARTIDO APRISTA PERUANO,1792
senador,Lima Provincias,1,PARTIDO DEMÓCRATA UNIDO PERÚ,1439
senador,Lima Provincias,1,ALIANZA ELECTORAL VENCEREMOS,1132
senador,Lima Provincias,1,PARTIDO POLÍTICO COOPERACIÓN POPULAR,1035
senador,Lima Provincias,1,PARTIDO DEMÓCRATA VERDE,864
senador,Lima Provincias,1,PARTIDO POLÍTICO INTEGRIDAD DEMOCRÁTICA,740
senador,Lima Provincias,1,PARTIDO MORADO,739
senador,Lima Provincias,1,LIBERTAD POPULAR,676
senador,Lima Provincias,1,PARTIDO POLÍTICO PRIN,633
senador,Lima Provincias,1,UN CAMINO DIFERENTE,552
senador,Lima Provincias,1,FE EN EL PERÚ,518
senador,Lima Provincias,1,UNIDAD NACIONAL,503
senador,Lima Provincias,1,AVANZA PAÍS - PARTIDO DE INTEGRACIÓN SOCIAL,469
senador,Lima Provincias,1,PARTIDO DEMOCRATICO FEDERAL,352
senador,Lima Provincias,1,FUERZA Y LIBERTAD,262
senador,Lima Provincias,1,PERÚ MODERNO,217
senador,Lima Provincias,1,SALVEMOS AL PERÚ,214
senador,Loreto,1,VOTOS EN BLANCO,27875
senador,Loreto,1,VOTOS NULOS,22356
senador,Loreto,1,FUERZA POPULAR,19889
senador,Loreto,1,ALIANZA PARA EL PROGRESO,11028
senador,Loreto,1,JUNTOS POR EL PERÚ,8671
senador,Loreto,1,PARTIDO DEMOCRÁTICO SOMOS PERÚ,7477
senador,Loreto,1,RENOVACIÓN POPULAR,6551
senador,Loreto,1,FRENTE POPULAR AGRÍCOLA FÍA DEL PERÚ,5475
senador,Loreto,1,PARTIDO PAÍS PARA TODOS,3843
senador,Loreto,1,AHORA NACIÓN - AN,2797
senador,Loreto,1,PARTIDO CÍVICO OBRAS,2630
senador,Loreto,1,PODEMOS PERÚ,2037
senador,Loreto,1,PARTIDO POLÍTICO PERÚ PRIMERO,1975
senador,Loreto,1,PARTIDO APRISTA PERUANO,909
senador,Loreto,1,PARTIDO POLÍTICO NACIONAL PERÚ LIBRE,873
senador,Loreto,1,PARTIDO DEMÓCRATA VERDE,629
senador,Loreto,1,ALIANZA ELECTORAL VENCEREMOS,585
senador,Loreto,1,PARTIDO FRENTE DE LA ESPERANZA 2021,525
senador,Loreto,1,PARTIDO DEMÓCRATA UNIDO PERÚ,506
senador,Loreto,1,PARTIDO MORADO,448
senador,Loreto,1,PARTIDO PATRIÓTICO DEL PERÚ,427
senador,Loreto,1,PARTIDO POLÍTICO COOPERACIÓN POPULAR,414
senador,Loreto,1,PROGRESEMOS,408
senador,Loreto,1,FUERZA Y LIBERTAD,336
senador,Loreto,1,LIBERTAD POPULAR,271
senador,Loreto,1,PERÚ MODERNO,265
senador,Loreto,1,PARTIDO POLÍTICO INTEGRIDAD DEMOCRÁTICA,232
senador,Loreto,1,AVANZA PAÍS - PARTIDO DE INTEGRACIÓN SOCIAL,201
senador,Loreto,1,PARTIDO POLÍTICO PERÚ ACCIÓN,136
senador,Loreto,1,UNIDAD NACIONAL,120
senador,Loreto,1,PARTIDO DEMOCRATICO FEDERAL,113
senador,Loreto,1,UN CAMINO DIFERENTE,112
senador,Madre de Dios,1,VOTOS EN BLANCO,10752
senador,Madre de Dios,1,VOTOS NULOS,9418
senador,Madre de Dios,1,JUNTOS POR EL PERÚ,7403
senador,Madre de Dios,1,FUERZA POPULAR,4060
senador,Madre de Dios,1,AHORA NACIÓN - AN,3028
senador,Madre de Dios,1,PARTIDO DEL BUEN GOBIERNO,2612
senador,Madre de Dios,1,ALIANZA PARA EL PROGRESO,2482
senador,Madre de Dios,1,FRENTE POPULAR AGRÍCOLA FÍA DEL PERÚ,1765
senador,Madre de Dios,1,PARTIDO PAÍS PARA TODOS,1458
senador,Madre de Dios,1,PARTIDO FRENTE DE LA ESPERANZA 2021,1238
senador,Madre de Dios,1,RENOVACIÓN POPULAR,953
senador,Madre de Dios,1,PODEMOS PERÚ,946
senador,Madre de Dios,1,PARTIDO POLÍTICO PERÚ PRIMERO,871
senador,Madre de Dios,1,PROGRESEMOS,773
senador,Madre de Dios,1,PARTIDO POLÍTICO NACIONAL PERÚ LIBRE,593
senador,Madre de Dios,1,PARTIDO DEMOCRÁTICO SOMOS PERÚ,559
senador,Madre de Dios,1,PARTIDO APRISTA PERUANO,492
senador,Madre de Dios,1,PARTIDO POLÍTICO COOPERACIÓN POPULAR,446
senador,Madre de Dios,1,PARTIDO DEMÓCRATA UNIDO PERÚ,349
senador,Madre de Dios,1,UNIDAD NACIONAL,277
senador,Madre de Dios,1,PARTIDO DEMÓCRATA VERDE,238
senador,Madre de Dios,1,PARTIDO POLÍTICO PERÚ ACCIÓN,138
senador,Madre de Dios,1,PARTIDO POLÍTICO INTEGRIDAD DEMOCRÁTICA,104
senador,Madre de Dios,1,LIBERTAD POPULAR,94
senador,Madre de Dios,1,FUERZA Y LIBERTAD,86
senador,Madre de Dios,1,PARTIDO DEMOCRATICO FEDERAL,73
senador,Madre de Dios,1,UN CAMINO DIFERENTE,72
senador,Moquegua,1,VOTOS EN BLANCO,17798
senador,Moquegua,1,VOTOS NULOS,15385
senador,Moquegua,1,JUNTOS POR EL PERÚ,12056
senador,Moquegua,1,PARTIDO DEL BUEN GOBIERNO,9179
senador,Moquegua,1,AHORA NACIÓN - AN,8814
senador,Moquegua,1,PARTIDO POLÍTICO PERÚ PRIMERO,7361
senador,Moquegua,1,PARTIDO FRENTE DE LA ESPERANZA 2021,5500
senador,Moquegua,1,FUERZA POPULAR,4696
senador,Moquegua,1,RENOVACIÓN POPULAR,4538
senador,Moquegua,1,"PRIMERO LA GENTE – COMUNIDAD, ECOLOGÍA, LIBERTAD Y PROGRESO",4282
senador,Moquegua,1,PARTIDO POLÍTICO COOPERACIÓN POPULAR,3122
senador,Moquegua,1,PARTIDO PAÍS PARA TODOS,2851
senador,Moquegua,1,PODEMOS PERÚ,2245
senador,Moquegua,1,PROGRESEMOS,2217
senador,Moquegua,1,ALIANZA ELECTORAL VENCEREMOS,1723
senador,Moquegua,1,PARTIDO POLÍTICO NACIONAL PERÚ LIBRE,1524
senador,Moquegua,1,FRENTE POPULAR AGRÍCOLA FÍA DEL PERÚ,1427
senador,Moquegua,1,PARTIDO DEMÓCRATA UNIDO PERÚ,1214
senador,Moquegua,1,ALIANZA PARA EL PROGRESO,1179
senador,Moquegua,1,PARTIDO DEMOCRÁTICO SOMOS PERÚ,1146
senador,Moquegua,1,PARTIDO APRISTA PERUANO,913
senador,Moquegua,1,PARTIDO POLÍTICO PRIN,739
senador,Moquegua,1,PARTIDO DEMÓCRATA VERDE,410
senador,Moquegua,1,UN CAMINO DIFERENTE,346
senador,Moquegua,1,PARTIDO MORADO,346
senador,Moquegua,1,UNIDAD NACIONAL,285
senador,Moquegua,1,FUERZA Y LIBERTAD,265
senador,Moquegua,1,LIBERTAD POPULAR,261
senador,Moquegua,1,AVANZA PAÍS - PARTIDO DE INTEGRACIÓN SOCIAL,256
senador,Moquegua,1,PARTIDO POLÍTICO INTEGRIDAD DEMOCRÁTICA,208
senador,Moquegua,1,PERÚ MODERNO,202
senador,Pasco,1,VOTOS EN BLANCO,14697
senador,Pasco,1,VOTOS NULOS,12228
senador,Pasco,1,FUERZA POPULAR,10206
senador,Pasco,1,JUNTOS POR EL PERÚ,7175
senador,Pasco,1,PODEMOS PERÚ,5741
senador,Pasco,1,RENOVACIÓN POPULAR,5316
senador,Pasco,1,AHORA NACIÓN - AN,3552
senador,Pasco,1,ALIANZA PARA EL PROGRESO,2890
senador,Pasco,1,PARTIDO DEMOCRÁTICO SOMOS PERÚ,2713
senador,Pasco,1,PARTIDO FRENTE DE LA ESPERANZA 2021,2207
senador,Pasco,1,PARTIDO DEL BUEN GOBIERNO,2004
senador,Pasco,1,FRENTE POPULAR AGRÍCOLA FÍA DEL PERÚ,1695
senador,Pasco,1,PARTIDO PAÍS PARA TODOS,1080
senador,Pasco,1,"PRIMERO LA GENTE – COMUNIDAD, ECOLOGÍA, LIBERTAD Y PROGRESO",801
senador,Pasco,1,PARTIDO POLÍTICO PERÚ PRIMERO,566
senador,Pasco,1,PARTIDO POLÍTICO COOPERACIÓN POPULAR,521
senador,Pasco,1,PARTIDO POLÍTICO NACIONAL PERÚ LIBRE,518
senador,Pasco,1,ALIANZA ELECTORAL VENCEREMOS,367
senador,Pasco,1,PARTIDO DEMÓCRATA VERDE,315
senador,Pasco,1,PARTIDO POLÍTICO INTEGRIDAD DEMOCRÁTICA,296
senador,Pasco,1,PARTIDO MORADO,255
senador,Pasco,1,AVANZA PAÍS - PARTIDO DE INTEGRACIÓN SOCIAL,165
senador,Pasco,1,FUERZA Y LIBERTAD,141
senador,Pasco,1,UN CAMINO DIFERENTE,114
senador,Pasco,1,PARTIDO DEMOCRATICO FEDERAL,75
senador,Pasco,1,UNIDAD NACIONAL,52
senador,Piura,1,VOTOS NULOS,47181
senador,Piura,1,VOTOS EN BLANCO,40773
senador,Piura,1,FUERZA POPULAR,38039
senador,Piura,1,PARTIDO DEL BUEN GOBIERNO,15851
senador,Piura,1,RENOVACIÓN POPULAR,14979
senador,Piura,1,JUNTOS POR EL PERÚ,14763
senador,Piura,1,PARTIDO PAÍS PARA TODOS,12415
senador,Piura,1,PARTIDO CÍVICO OBRAS,9904
senador,Piura,1,AHORA NACIÓN - AN,7264
senador,Piura,1,"PRIMERO LA GENTE – COMUNIDAD, ECOLOGÍA, LIBERTAD Y PROGRESO",5586
senador,Piura,1,ALIANZA PARA EL PROGRESO,5359
senador,Piura,1,PODEMOS PERÚ,4741
senador,Piura,1,PARTIDO SICREO,3932
senador,Piura,1,PARTIDO POLÍTICO PERÚ PRIMERO,3606
senador,Piura,1,PARTIDO APRISTA PERUANO,3004
senador,Piura,1,PARTIDO DEMOCRÁTICO SOMOS PERÚ,2553
senador,Piura,1,PARTIDO FRENTE DE LA ESPERANZA 2021,2105
senador,Piura,1,ALIANZA ELECTORAL VENCEREMOS,1524
senador,Piura,1,PROGRESEMOS,1213
senador,Piura,1,PARTIDO DEMÓCRATA UNIDO PERÚ,1151
senador,Piura,1,FRENTE POPULAR AGRÍCOLA FÍA DEL PERÚ,1110
senador,Piura,1,PARTIDO POLÍTICO NACIONAL PERÚ LIBRE,1059
senador,Piura,1,UN CAMINO DIFERENTE,960
senador,Piura,1,PARTIDO POLÍTICO INTEGRIDAD DEMOCRÁTICA,874
senador,Piura,1,PARTIDO POLÍTICO COOPERACIÓN POPULAR,718
senador,Piura,1,PARTIDO MORADO,549
senador,Piura,1,PARTIDO DEMÓCRATA VERDE,548
senador,Piura,1,LIBERTAD POPULAR,538
senador,Piura,1,UNIDAD NACIONAL,482
senador,Piura,1,AVANZA PAÍS - PARTIDO DE INTEGRACIÓN SOCIAL,375
senador,Piura,1,FUERZA Y LIBERTAD,325
senador,Piura,1,SALVEMOS AL PERÚ,267
senador,Piura,1,PARTIDO POLÍTICO PRIN,238
senador,Piura,1,PARTIDO POLÍTICO PERÚ ACCIÓN,229
senador,Puno,1,JUNTOS POR EL PERÚ,72765
senador,Puno,1,VOTOS EN BLANCO,53677
senador,Puno,1,VOTOS NULOS,53489
senador,Puno,1,PARTIDO CÍVICO OBRAS,36081
senador,Puno,1,AHORA NACIÓN - AN,25485
senador,Puno,1,PARTIDO POLÍTICO COOPERACIÓN POPULAR,20372
senador,Puno,1,PARTIDO FRENTE DE LA ESPERANZA 2021,7996
senador,Puno,1,PARTIDO DEL BUEN GOBIERNO,7797
senador,Puno,1,FUERZA POPULAR,5993
senador,Puno,1,FRENTE POPULAR AGRÍCOLA FÍA DEL PERÚ,5615
senador,Puno,1,PARTIDO DEMÓCRATA UNIDO PERÚ,5126
senador,Puno,1,PODEMOS PERÚ,3402
senador,Puno,1,RENOVACIÓN POPULAR,3370
senador,Puno,1,PARTIDO DEMOCRÁTICO SOMOS PERÚ,3349
senador,Puno,1,ALIANZA PARA EL PROGRESO,3339
senador,Puno,1,PARTIDO POLÍTICO NACIONAL PERÚ LIBRE,3320
senador,Puno,1,"PRIMERO LA GENTE – COMUNIDAD, ECOLOGÍA, LIBERTAD Y PROGRESO",3263
senador,Puno,1,PARTIDO PAÍS PARA TODOS,2906
senador,Puno,1,PARTIDO POLÍTICO PERÚ PRIMERO,2710
senador,Puno,1,PROGRESEMOS,2139
senador,Puno,1,PARTIDO DEMÓCRATA VERDE,1731
senador,Puno,1,UNIDAD NACIONAL,646
senador,Puno,1,PARTIDO DEMOCRATICO FEDERAL,578
senador,Puno,1,PARTIDO POLÍTICO PRIN,553
senador,Puno,1,PARTIDO APRISTA PERUANO,515
senador,Puno,1,LIBERTAD POPULAR,438
senador,Puno,1,AVANZA PAÍS - PARTIDO DE INTEGRACIÓN SOCIAL,436
senador,Puno,1,FUERZA Y LIBERTAD,410
senador,Puno,1,PARTIDO POLÍTICO INTEGRIDAD DEMOCRÁTICA,341
senador,Puno,1,UN CAMINO DIFERENTE,284
senador,San Martín,1,VOTOS EN BLANCO,47167
senador,San Martín,1,VOTOS NULOS,20998
senador,San Martín,1,FUERZA POPULAR,14932
senador,San Martín,1,PARTIDO CÍVICO OBRAS,9071
senador,San Martín,1,ALIANZA PARA EL PROGRESO,6287
senador,San Martín,1,RENOVACIÓN POPULAR,5641
senador,San Martín,1,AHORA NACIÓN - AN,4029
senador,San Martín,1,PARTIDO PAÍS PARA TODOS,2514
senador,San Martín,1,PODEMOS PERÚ,2061
senador,San Martín,1,AVANZA PAÍS - PARTIDO DE INTEGRACIÓN SOCIAL,1863
senador,San Martín,1,PARTIDO DEMOCRÁTICO SOMOS PERÚ,1761
senador,San Martín,1,PARTIDO APRISTA PERUANO,1172
senador,San Martín,1,PARTIDO POLÍTICO PERÚ PRIMERO,1138
senador,San Martín,1,ALIANZA ELECTORAL VENCEREMOS,1066
senador,San Martín,1,FRENTE POPULAR AGRÍCOLA FÍA DEL PERÚ,1027
senador,San Martín,1,PARTIDO POLÍTICO NACIONAL PERÚ LIBRE,771
senador,San Martín,1,PARTIDO FRENTE DE LA ESPERANZA 2021,752
senador,San Martín,1,PARTIDO MORADO,648
senador,San Martín,1,PARTIDO DEMÓCRATA VERDE,494
senador,San Martín,1,PARTIDO POLÍTICO PRIN,486
senador,San Martín,1,PARTIDO POLÍTICO COOPERACIÓN POPULAR,452
senador,San Martín,1,UNIDAD NACIONAL,421
senador,San Martín,1,PROGRESEMOS,397
senador,San Martín,1,UN CAMINO DIFERENTE,321
senador,San Martín,1,FUERZA Y LIBERTAD,275
senador,San Martín,1,PARTIDO POLÍTICO INTEGRIDAD DEMOCRÁTICA,268
senador,San Martín,1,LIBERTAD POPULAR,188
senador,San Martín,1,PARTIDO POLÍTICO PERÚ ACCIÓN,160
senador,San Martín,1,PERÚ MODERNO,63
senador,Tacna,1,VOTOS NULOS,10569
senador,Tacna,1,PARTIDO CÍVICO OBRAS,8055
senador,Tacna,1,PARTIDO DEL BUEN GOBIERNO,7551
senador,Tacna,1,AHORA NACIÓN - AN,7041
senador,Tacna,1,VOTOS EN BLANCO,6643
senador,Tacna,1,JUNTOS POR EL PERÚ,6541
senador,Tacna,1,"PRIMERO LA GENTE – COMUNIDAD, ECOLOGÍA, LIBERTAD Y PROGRESO",4254
senador,Tacna,1,RENOVACIÓN POPULAR,3767
senador,Tacna,1,PARTIDO PAÍS PARA TODOS,3525
senador,Tacna,1,FUERZA POPULAR,3298
senador,Tacna,1,PARTIDO FRENTE DE LA ESPERANZA 2021,2886
senador,Tacna,1,PARTIDO POLÍTICO COOPERACIÓN POPULAR,2232
senador,Tacna,1,ALIANZA PARA EL PROGRESO,2176
senador,Tacna,1,PODEMOS PERÚ,1572
senador,Tacna,1,FRENTE POPULAR AGRÍCOLA FÍA DEL PERÚ,1343
senador,Tacna,1,PARTIDO POLÍTICO PERÚ PRIMERO,1188
senador,Tacna,1,PARTIDO POLÍTICO NACIONAL PERÚ LIBRE,888
senador,Tacna,1,PROGRESEMOS,786
senador,Tacna,1,PARTIDO APRISTA PERUANO,707
senador,Tacna,1,PARTIDO DEMOCRÁTICO SOMOS PERÚ,622
senador,Tacna,1,AVANZA PAÍS - PARTIDO DE INTEGRACIÓN SOCIAL,600
senador,Tacna,1,PARTIDO DEMÓCRATA UNIDO PERÚ,585
senador,Tacna,1,PARTIDO MORADO,400
senador,Tacna,1,PARTIDO DEMÓCRATA VERDE,245
senador,Tacna,1,UNIDAD NACIONAL,227
senador,Tacna,1,PARTIDO POLÍTICO INTEGRIDAD DEMOCRÁTICA,226
senador,Tacna,1,LIBERTAD POPULAR,209
senador,Tacna,1,PARTIDO POLÍTICO PERÚ ACCIÓN,193
senador,Tacna,1,UN CAMINO DIFERENTE,171
senador,Tacna,1,FUERZA Y LIBERTAD,136
senador,Tumbes,1,VOTOS EN BLANCO,8979
senador,Tumbes,1,VOTOS NULOS,8087
senador,Tumbes,1,FUERZA POPULAR,7231
senador,Tumbes,1,ALIANZA PARA EL PROGRESO,2430
senador,Tumbes,1,PARTIDO PAÍS PARA TODOS,2363
senador,Tumbes,1,JUNTOS POR EL PERÚ,2156
senador,Tumbes,1,RENOVACIÓN POPULAR,1575
senador,Tumbes,1,PODEMOS PERÚ,1449
senador,Tumbes,1,AHORA NACIÓN - AN,1444
senador,Tumbes,1,PARTIDO DEL BUEN GOBIERNO,1412
senador,Tumbes,1,PARTIDO DEMOCRÁTICO SOMOS PERÚ,1018
senador,Tumbes,1,FE EN EL PERÚ,680
senador,Tumbes,1,PARTIDO POLÍTICO NACIONAL PERÚ LIBRE,573
senador,Tumbes,1,"PRIMERO LA GENTE – COMUNIDAD, ECOLOGÍA, LIBERTAD Y PROGRESO",560
senador,Tumbes,1,ALIANZA ELECTORAL VENCEREMOS,479
senador,Tumbes,1,PARTIDO APRISTA PERUANO,430
senador,Tumbes,1,PARTIDO POLÍTICO PERÚ PRIMERO,343
senador,Tumbes,1,FRENTE POPULAR AGRÍCOLA FÍA DEL PERÚ,333
senador,Tumbes,1,PARTIDO FRENTE DE LA ESPERANZA 2021,303
senador,Tumbes,1,UNIDAD NACIONAL,283
senador,Tumbes,1,PARTIDO POLÍTICO INTEGRIDAD DEMOCRÁTICA,214
senador,Tumbes,1,PARTIDO DEMÓCRATA VERDE,187
senador,Tumbes,1,PARTIDO MORADO,162
senador,Tumbes,1,LIBERTAD POPULAR,150
senador,Tumbes,1,PARTIDO DE LOS TRABAJADORES Y EMPRENDEDORES PTE - PERÚ,133
senador,Tumbes,1,PARTIDO POLÍTICO COOPERACIÓN POPULAR,103
senador,Tumbes,1,UN CAMINO DIFERENTE,97
senador,Tumbes,1,AVANZA PAÍS - PARTIDO DE INTEGRACIÓN SOCIAL,92
senador,Tumbes,1,PROGRESEMOS,64
senador,Tumbes,1,SALVEMOS AL PERÚ,61
senador,Tumbes,1,FUERZA Y LIBERTAD,45
senador,Tumbes,1,PARTIDO POLÍTICO PERÚ ACCIÓN,37
senador,Tumbes,1,PARTIDO DEMOCRATICO FEDERAL,35
senador,Ucayali,1,VOTOS EN BLANCO,13016
senador,Ucayali,1,FUERZA POPULAR,10307
senador,Ucayali,1,VOTOS NULOS,8252
senador,Ucayali,1,RENOVACIÓN POPULAR,1842
senador,Ucayali,1,PARTIDO CÍVICO OBRAS,1769
senador,Ucayali,1,PARTIDO PAÍS PARA TODOS,1736
senador,Ucayali,1,PARTIDO DEMOCRÁTICO SOMOS PERÚ,1477
senador,Ucayali,1,PODEMOS PERÚ,1336
senador,Ucayali,1,AHORA NACIÓN - AN,1300
senador,Ucayali,1,FRENTE POPULAR AGRÍCOLA FÍA DEL PERÚ,1262
senador,Ucayali,1,PARTIDO DEL BUEN GOBIERNO,1201
senador,Ucayali,1,PARTIDO POLÍTICO PERÚ PRIMERO,587
senador,Ucayali,1,PARTIDO DEMÓCRATA UNIDO PERÚ,583
senador,Ucayali,1,PROGRESEMOS,569
senador,Ucayali,1,ALIANZA PARA EL PROGRESO,530
senador,Ucayali,1,PARTIDO APRISTA PERUANO,516
senador,Ucayali,1,PARTIDO FRENTE DE LA ESPERANZA 2021,449
senador,Ucayali,1,PARTIDO POLÍTICO NACIONAL PERÚ LIBRE,422
senador,Ucayali,1,ALIANZA ELECTORAL VENCEREMOS,280
senador,Ucayali,1,PARTIDO POLÍTICO COOPERACIÓN POPULAR,216
senador,Ucayali,1,AVANZA PAÍS - PARTIDO DE INTEGRACIÓN SOCIAL,202
senador,Ucayali,1,PARTIDO DEMÓCRATA VERDE,188
senador,Ucayali,1,PARTIDO MORADO,165
senador,Ucayali,1,FE EN EL PERÚ,139
senador,Ucayali,1,FUERZA Y LIBERTAD,128
senador,Ucayali,1,PARTIDO POLÍTICO PERÚ ACCIÓN,102
senador,Ucayali,1,UNIDAD NACIONAL,98
senador,Ucayali,1,LIBERTAD POPULAR,90
senador,Ucayali,1,PARTIDO POLÍTICO PRIN,80
senador,Ucayali,1,UN CAMINO DIFERENTE,79
senador,Ucayali,1,PERÚ MODERNO,54
senador,PEX,1,VOTOS NULOS,13399
senador,PEX,1,RENOVACIÓN POPULAR,11299
senador,PEX,1,VOTOS EN BLANCO,6160
senador,PEX,1,FUERZA POPULAR,5580
senador,PEX,1,PARTIDO DEL BUEN GOBIERNO,4730
senador,PEX,1,PARTIDO CÍVICO OBRAS,3384
senador,PEX,1,AHORA NACIÓN - AN,3190
senador,PEX,1,PARTIDO PAÍS PARA TODOS,2995
senador,PEX,1,"PRIMERO LA GENTE – COMUNIDAD, ECOLOGÍA, LIBERTAD Y PROGRESO",1635
senador,PEX,1,JUNTOS POR EL PERÚ,1110
senador,PEX,1,PARTIDO APRISTA PERUANO,724
senador,PEX,1,PARTIDO SICREO,549
senador,PEX,1,PARTIDO FRENTE DE LA ESPERANZA 2021,451
senador,PEX,1,UN CAMINO DIFERENTE,409
senador,PEX,1,UNIDAD NACIONAL,308
senador,PEX,1,FRENTE POPULAR AGRÍCOLA FÍA DEL PERÚ,297
senador,PEX,1,ALIANZA ELECTORAL VENCEREMOS,283
senador,PEX,1,PARTIDO DEMOCRÁTICO SOMOS PERÚ,247
senador,PEX,1,LIBERTAD POPULAR,242
senador,PEX,1,PARTIDO MORADO,234
senador,PEX,1,PARTIDO DEMÓCRATA UNIDO PERÚ,218
senador,PEX,1,PARTIDO DEMÓCRATA VERDE,206
senador,PEX,1,ALIANZA PARA EL PROGRESO,198
senador,PEX,1,AVANZA PAÍS - PARTIDO DE INTEGRACIÓN SOCIAL,187
senador,PEX,1,PARTIDO POLÍTICO COOPERACIÓN POPULAR,186
senador,PEX,1,PARTIDO POLÍTICO NACIONAL PERÚ LIBRE,181
senador,PEX,1,PODEMOS PERÚ,176
senador,PEX,1,PARTIDO POLÍTICO PERÚ PRIMERO,126
senador,PEX,1,PARTIDO POLÍTICO INTEGRIDAD DEMOCRÁTICA,125
senador,PEX,1,PARTIDO POLÍTICO PERÚ ACCIÓN,80
senador,PEX,1,FUERZA Y LIBERTAD,67
senador,PEX,1,SALVEMOS AL PERÚ,37
senador,PEX,1,PERÚ MODERNO,26
senador,Nacional,30,VOTOS NULOS,1104202
senador,Nacional,30,FUERZA POPULAR,918517
senador,Nacional,30,RENOVACIÓN POPULAR,903475
senador,Nacional,30,VOTOS EN BLANCO,805197
senador,Nacional,30,PARTIDO DEL BUEN GOBIERNO,797221
senador,Nacional,30,JUNTOS POR EL PERÚ,588609
senador,Nacional,30,AHORA NACIÓN - AN,552023
senador,Nacional,30,PARTIDO CÍVICO OBRAS,543969
senador,Nacional,30,PARTIDO PAÍS PARA TODOS,381113
senador,Nacional,30,"PRIMERO LA GENTE – COMUNIDAD, ECOLOGÍA, LIBERTAD Y PROGRESO",262292
senador,Nacional,30,PARTIDO SICREO,191203
senador,Nacional,30,ALIANZA PARA EL PROGRESO,141591
senador,Nacional,30,PODEMOS PERÚ,122854
senador,Nacional,30,PARTIDO APRISTA PERUANO,112691
senador,Nacional,30,PARTIDO FRENTE DE LA ESPERANZA 2021,100576
senador,Nacional,30,FRENTE POPULAR AGRÍCOLA FÍA DEL PERÚ,95427
senador,Nacional,30,PARTIDO DEMOCRÁTICO SOMOS PERÚ,75670
senador,Nacional,30,PROGRESEMOS,66684
senador,Nacional,30,PARTIDO POLÍTICO COOPERACIÓN POPULAR,62617
senador,Nacional,30,PARTIDO POLÍTICO PERÚ PRIMERO,56479
senador,Nacional,30,ALIANZA ELECTORAL VENCEREMOS,51188
senador,Nacional,30,PARTIDO DEMÓCRATA UNIDO PERÚ,48708
senador,Nacional,30,PARTIDO PATRIÓTICO DEL PERÚ,44884
senador,Nacional,30,PARTIDO POLÍTICO NACIONAL PERÚ LIBRE,40305
senador,Nacional,30,AVANZA PAÍS - PARTIDO DE INTEGRACIÓN SOCIAL,37060
senador,Nacional,30,UN CAMINO DIFERENTE,34427
senador,Nacional,30,PARTIDO MORADO,34144
senador,Nacional,30,LIBERTAD POPULAR,32350
senador,Nacional,30,UNIDAD NACIONAL,28829
senador,Nacional,30,PARTIDO DEMÓCRATA VERDE,25732
senador,Nacional,30,PARTIDO POLÍTICO INTEGRIDAD DEMOCRÁTICA,25545
senador,Nacional,30,FUERZA Y LIBERTAD,13657
senador,Nacional,30,FE EN EL PERÚ,11022
senador,Nacional,30,PARTIDO POLÍTICO PERÚ ACCIÓN,8789
senador,Nacional,30,PARTIDO POLÍTICO PRIN,8343
senador,Nacional,30,PARTIDO DEMOCRATICO FEDERAL,8320
senador,Nacional,30,PARTIDO DE LOS TRABAJADORES Y EMPRENDEDORES PTE - PERÚ,6775
